case,n,status,D_m,q,covered,true_source_contained
0,2,bounded,41.946380567304054,1.0000000000000027,True,True
0,3,bounded,25.018058574638296,1.0000000000000044,True,True
0,5,bounded,25.018058574638623,1.0,True,True
0,8,bounded,21.06669694094807,1.0,True,True
0,12,bounded,9.177746396713056,1.0068727489773888,False,True
1,2,bounded,24.429103592419168,1.0,True,True
1,3,bounded,9.423768624128227,1.0000000000000007,True,True
1,5,bounded,6.239589423669967,1.059622000168798,False,True
1,8,bounded,6.1667987329667895,1.0025373485682756,False,True
1,12,bounded,5.838589882570803,1.002537348568264,False,True
2,2,bounded,201.35531504774218,1.0,True,True
2,3,bounded,15.566635724632706,1.0000000000000064,True,True
2,5,bounded,15.566635724632722,1.0,True,True
2,8,bounded,3.0677230268919837,1.0635293674378867,False,True
2,12,bounded,3.0114498472122366,1.0619593270597243,False,True
3,2,bounded,33.10389389819248,1.0000000000000075,True,True
3,3,bounded,33.103893898192304,1.0000000000000022,True,True
3,5,bounded,3.2181671545420603,1.0000000000000346,True,True
3,8,bounded,3.2181671545419483,1.0,True,True
3,12,bounded,2.3513924722156894,1.0000000000000435,True,True
4,2,bounded,812.8119187756457,1.0000000000000002,True,True
4,3,bounded,86.35090283819218,1.0000000000000009,True,True
4,5,bounded,38.399773714586395,1.0000000000000024,True,True
4,8,bounded,16.718438426967204,1.0000000000000064,True,True
4,12,bounded,11.624976732948012,1.0000000000000084,True,True
5,2,bounded,4.6882403339402074,1.0000000000000184,True,True
5,3,bounded,4.688240333940189,1.0000000000000195,True,True
5,5,bounded,4.688240333940227,1.0000000000000198,True,True
5,8,bounded,4.688240333940111,1.0000000000000195,True,True
5,12,bounded,4.574548640252389,1.0000000000000246,True,True
6,2,bounded,47.505897292979306,1.0000000000000002,True,True
6,3,bounded,32.78366281893055,1.0000000000000016,True,True
6,5,bounded,17.761377709602876,1.000000000000003,True,True
6,8,bounded,13.861587243187511,1.0003704956187904,False,True
6,12,bounded,7.115638582726779,1.0202197706395117,False,True
7,2,bounded,29.39124305510628,1.0,True,True
7,3,bounded,23.9826723136725,1.0000000000000095,True,True
7,5,bounded,23.9826723136725,1.0000000000000095,True,True
7,8,bounded,4.600823809400696,1.0582183947950263,False,True
7,12,bounded,3.6163474866915712,1.1034829295628918,False,True
8,2,bounded,5.292422408465966,1.0000000000000107,True,True
8,3,bounded,4.979715687069582,1.0000114153773323,False,True
8,5,bounded,4.97971568706951,1.0000114153773305,False,True
8,8,bounded,4.979715687069582,1.0000114153773256,False,True
8,12,bounded,2.8316606936324553,1.0248575879742925,False,True
9,2,bounded,34.749436571785886,1.0,True,True
9,3,bounded,18.715126585634692,1.0000000000000135,True,True
9,5,bounded,8.25725497884213,1.016143734037825,False,True
9,8,bounded,6.815454769276864,1.0000000000000078,True,True
9,12,bounded,3.7634647750549166,1.048183217316618,False,True
10,2,bounded,264.92257971032365,1.0000000000000004,True,True
10,3,bounded,20.691187031128333,1.0000000000000033,True,True
10,5,bounded,6.7889610983849735,1.0054119383739653,False,True
10,8,bounded,5.714806279952891,1.0096097168027012,False,True
10,12,bounded,4.000068099175186,1.0104430088994973,False,True
11,2,bounded,160.42187885433086,1.0000000000000013,True,True
11,3,bounded,64.1330123299309,1.000000000000003,True,True
11,5,bounded,11.34708106795275,1.000000000000016,True,True
11,8,bounded,8.755098162654281,1.000353597612807,False,True
11,12,bounded,5.416611208307705,1.0002393552668543,False,True
12,2,bounded,52.947252791906756,1.0,True,True
12,3,bounded,12.410063599579185,1.0,True,True
12,5,bounded,4.365228459821115,1.011520074022776,False,True
12,8,bounded,4.365228459821195,1.011520074022788,False,True
12,12,bounded,1.8814898885889364,1.0000000000000082,True,True
13,2,bounded,76.52243462402261,1.0,True,True
13,3,bounded,47.667404233227764,1.0000000000000009,True,True
13,5,bounded,9.367433523363804,1.019187736915199,False,True
13,8,bounded,5.73094822926126,1.0000000000000033,True,True
13,12,bounded,5.6434388977625405,1.0,True,True
14,2,bounded,101.5296623897047,1.0000000000000016,True,True
14,3,bounded,19.97033923263352,1.0000000000000002,True,True
14,5,bounded,19.970339232633517,1.0,True,True
14,8,bounded,10.122587046500087,1.0000000000000089,True,True
14,12,bounded,10.12258704650019,1.0000000000000089,True,True
15,2,bounded,82.19336575073835,1.0000000000000002,True,True
15,3,bounded,63.031080195974646,1.0,True,True
15,5,bounded,14.801366638377983,1.0033335635869391,False,True
15,8,bounded,4.047935736585321,1.0,True,True
15,12,bounded,1.5918783797235134,1.0114380525191955,False,True
16,2,bounded,642.942809036247,1.0,True,True
16,3,bounded,148.26349663937566,1.0000000000000002,True,True
16,5,bounded,7.432059716972678,1.0000000000000187,True,True
16,8,bounded,3.264235986513266,1.0277920020753923,False,True
16,12,bounded,2.913447469601702,1.0357526016240226,False,True
17,2,bounded,42.29644693150932,1.0000000000000004,True,True
17,3,bounded,13.652297005360737,1.0000275335710227,False,True
17,5,bounded,9.358758555174907,1.0000275335710227,False,True
17,8,bounded,9.358758555174878,1.0000275335710291,False,True
17,12,bounded,4.132120492346063,1.0000263288638807,False,True
18,2,bounded,131.87068538135023,1.0000000000000018,True,True
18,3,bounded,131.87068538135023,1.0000000000000018,True,True
18,5,bounded,28.34172911401002,1.000000000000008,True,True
18,8,bounded,13.962261295449954,1.0,True,True
18,12,bounded,4.540043967286416,1.0,True,True
19,2,bounded,66.07491945003746,1.0000000000000004,True,True
19,3,bounded,66.0749194500373,1.0,True,True
19,5,bounded,7.78524228335517,1.0000000000000118,True,True
19,8,bounded,7.785242283355236,1.0000000000000118,True,True
19,12,bounded,2.6819317234783777,1.0011929509307012,False,True
20,2,bounded,1976.633547000137,1.0,True,True
20,3,bounded,35.44721031676489,1.0,True,True
20,5,bounded,29.955930446762327,1.0029122938953312,False,True
20,8,bounded,9.731867405590753,1.000000000000023,True,True
20,12,bounded,8.767317667630476,1.0000000000000246,True,True
21,2,bounded,63.318219359144415,1.000000000000004,True,True
21,3,bounded,38.266623801819016,1.0000000000000004,True,True
21,5,bounded,23.681446534651602,1.0000000000000089,True,True
21,8,bounded,11.525658930626332,1.0072544559452499,False,True
21,12,bounded,8.46580211432101,1.0000000000000262,True,True
22,2,bounded,283.5384796385478,1.0000000000000004,True,True
22,3,bounded,51.227400700682864,1.0000000000000033,True,True
22,5,bounded,33.98600424367873,1.0199910333503999,False,True
22,8,bounded,15.377749104121426,1.0001620955530415,False,True
22,12,bounded,9.915336164899394,1.000000000000006,True,True
23,2,bounded,66.26694056822224,1.0000000000000018,True,True
23,3,bounded,18.226842197032912,1.0000000000000067,True,True
23,5,bounded,13.037291882037886,1.000540799367491,False,True
23,8,bounded,13.037291882038,1.0005407993674964,False,True
23,12,bounded,5.251164680336897,1.0,True,True
24,2,bounded,6.043356391682459,1.0,True,True
24,3,bounded,6.043356391682657,1.0000000000000326,True,True
24,5,bounded,6.043356391682516,1.0,True,True
24,8,bounded,6.043356391682629,1.000000000000028,True,True
24,12,bounded,3.604238993324679,1.0565429229399401,False,True
25,2,bounded,129.91663760264666,1.0000000000000002,True,True
25,3,bounded,129.9166376026468,1.0,True,True
25,5,bounded,15.638565385529615,1.0,True,True
25,8,bounded,15.638565385529539,1.0,True,True
25,12,bounded,6.995373161347359,1.0168353435932087,False,True
26,2,bounded,27.13678227262589,1.0000000000000033,True,True
26,3,bounded,27.13678227262591,1.0000000000000024,True,True
26,5,bounded,18.069707188600827,1.0,True,True
26,8,bounded,10.822857489108186,1.0084886392631767,False,True
26,12,bounded,10.793667517397731,1.002614189884918,False,True
27,2,bounded,52.66246748930596,1.0000000000000022,True,True
27,3,bounded,52.66246748930608,1.0,True,True
27,5,bounded,41.45365677765188,1.0000000000000027,True,True
27,8,bounded,14.062816788463373,1.0000000000000082,True,True
27,12,bounded,8.353897470314529,1.0000000000000135,True,True
28,2,bounded,7.150667049325623,1.000000000000008,True,True
28,3,bounded,7.150667049325567,1.0,True,True
28,5,bounded,1.756577042799805,1.0,True,True
28,8,bounded,1.7565770427997525,1.00000000000003,True,True
28,12,bounded,1.6353345492268452,1.000000000000033,True,True
29,2,bounded,101.23736047240071,1.0,True,True
29,3,bounded,99.77565050824869,1.0000000000000004,True,True
29,5,bounded,25.537272592076103,1.0000000000000007,True,True
29,8,bounded,6.0424368107253805,1.0137348907376658,False,True
29,12,bounded,6.04243681072538,1.013734890737666,False,True
30,2,bounded,73.94028187234053,1.0,True,True
30,3,bounded,51.899209273883464,1.0000000000000036,True,True
30,5,bounded,9.650012718681232,1.0000246039297167,False,True
30,8,bounded,5.737985666225677,1.0000246039297274,False,True
30,12,bounded,5.737985666225478,1.0000246039297236,False,True
31,2,bounded,511.03556633078716,1.0000000000000002,True,True
31,3,bounded,316.6473661377627,1.0000000000000007,True,True
31,5,bounded,28.096961096944238,1.0,True,True
31,8,bounded,8.6142153227379,1.0000000000000007,True,True
31,12,bounded,4.416855594421149,1.0000000000000515,True,True
32,2,bounded,146.868353177793,1.0000000000000002,True,True
32,3,bounded,80.98060910152816,1.0,True,True
32,5,bounded,8.51359935966987,1.000000000000013,True,True
32,8,bounded,6.610274890993034,1.0000000000000193,True,True
32,12,bounded,3.9083447049188056,1.000000000000025,True,True
33,2,bounded,46.588991728449244,1.0000000000000047,True,True
33,3,bounded,31.89392691288084,1.0,True,True
33,5,bounded,20.882715685330577,1.0000000000000082,True,True
33,8,bounded,5.169047471155245,1.000000000000001,True,True
33,12,bounded,5.169047471155026,1.0000000000000437,True,True
34,2,bounded,34.5256500768419,1.000000000000003,True,True
34,3,bounded,29.917846649148604,1.0,True,True
34,5,bounded,20.736869649559246,1.0003541782503134,False,True
34,8,bounded,5.938790871814065,1.000000000000018,True,True
34,12,bounded,3.6835097826641103,1.0525901047590998,False,True
35,2,bounded,45.412170416431344,1.000000000000004,True,True
35,3,bounded,41.40746693981625,1.0,True,True
35,5,bounded,23.376034251660972,1.0000000000000018,True,True
35,8,bounded,4.025403985028547,1.0,True,True
35,12,bounded,2.815546463934692,1.0,True,True
36,2,bounded,102.21890578293446,1.0000000000000007,True,True
36,3,bounded,67.42731767976463,1.0,True,True
36,5,bounded,2.7286375937220595,1.0,True,True
36,8,bounded,1.8689709751569203,1.0,True,True
36,12,bounded,1.8689709751564656,1.0,True,True
37,2,bounded,91.50249252855188,1.000000000000002,True,True
37,3,bounded,34.65047880215831,1.0000000000000067,True,True
37,5,bounded,34.65047880215876,1.0000000000000067,True,True
37,8,bounded,10.596656787042964,1.000000000000024,True,True
37,12,bounded,9.270793585512257,1.0000000000000235,True,True
38,2,bounded,50.16552319620545,1.0000000000000022,True,True
38,3,bounded,31.462926707539292,1.0000000000000018,True,True
38,5,bounded,19.358906385697004,1.0000000000000049,True,True
38,8,bounded,9.265621008873108,1.000000000000012,True,True
38,12,bounded,6.918166366156764,1.000749698589021,False,True
39,2,bounded,55.14712089349377,1.0000000000000007,True,True
39,3,bounded,40.6080756710823,1.000000000000002,True,True
39,5,bounded,31.826577859127315,1.0000000000000004,True,True
39,8,bounded,20.882684682375906,1.0,True,True
39,12,bounded,16.0084359373156,1.0000000000000049,True,True
40,2,bounded,92.51516147997462,1.0000000000000027,True,True
40,3,bounded,48.532501374058896,1.0,True,True
40,5,bounded,40.2006872481418,1.0,True,True
40,8,bounded,3.8249305844322175,1.0000000000000084,True,True
40,12,bounded,1.3750254680627456,1.0019362846763527,False,True
41,2,bounded,45.04380946058115,1.0000000000000036,True,True
41,3,bounded,43.06730703822882,1.0,True,True
41,5,bounded,10.441008249663591,1.0005994532003804,False,True
41,8,bounded,8.933722218007025,1.0005994532003777,False,True
41,12,bounded,8.7071650084785,1.000599453200374,False,True
42,2,bounded,32.20239057107911,1.0000000000000013,True,True
42,3,bounded,32.202390571079,1.000000000000001,True,True
42,5,bounded,25.620484891094314,1.0024064289263028,False,True
42,8,bounded,16.616134641968678,1.0000000000000013,True,True
42,12,bounded,14.936322542718898,1.0169736364633917,False,True
43,2,bounded,597.2533720323001,1.0000000000000002,True,True
43,3,bounded,103.75708639508275,1.0000000000000018,True,True
43,5,bounded,57.870754482583045,1.0,True,True
43,8,bounded,13.125327987553689,1.0000000000000153,True,True
43,12,bounded,1.705985886225917,1.0000000000001206,True,True
44,2,bounded,159.39099806363558,1.0000000000000004,True,True
44,3,bounded,120.00886607920451,1.0000000000000007,True,True
44,5,bounded,18.96869240907394,1.023160999738958,False,True
44,8,bounded,12.144604848482393,1.073338969120685,False,True
44,12,bounded,7.162227434412021,1.0000000000000018,True,True
45,2,bounded,677.2809055299573,1.0000000000000002,True,True
45,3,bounded,60.58538362360385,1.0000000000000002,True,True
45,5,bounded,43.77519276153117,1.0000000000000004,True,True
45,8,bounded,14.721980671844486,1.000000000000002,True,True
45,12,bounded,4.897394147945836,1.0000000000000056,True,True
46,2,bounded,12.880709488991924,1.0000000000000129,True,True
46,3,bounded,10.063361851381156,1.000000000000016,True,True
46,5,bounded,9.288577983333546,1.0000000000000184,True,True
46,8,bounded,6.082661203880726,1.000000000000016,True,True
46,12,bounded,5.747461280379305,1.0000231157725015,False,True
47,2,bounded,61.24093804397362,1.0003333591445147,False,True
47,3,bounded,21.861739569350863,1.0000413089470948,False,True
47,5,bounded,11.5546545860177,1.0061113930427594,False,True
47,8,bounded,11.554654586017657,1.006111393042757,False,True
47,12,bounded,7.410074998625638,1.0003856177014399,False,True
48,2,bounded,41.27822767141131,1.0,True,True
48,3,bounded,41.27822767141144,1.000000000000001,True,True
48,5,bounded,9.496570525497587,1.0000000000000016,True,True
48,8,bounded,1.5896169152863566,1.0,True,True
48,12,bounded,1.4723089287009878,1.0000505370915709,False,True
49,2,bounded,86.82730595382687,1.0000000000000009,True,True
49,3,bounded,35.27428887060806,1.000000000000001,True,True
49,5,bounded,22.374268892413927,1.000000000000005,True,True
49,8,bounded,19.81294630993191,1.0,True,True
49,12,bounded,17.19755394507592,1.0000000000000067,True,True
50,2,bounded,24.32276854552565,1.0,True,True
50,3,bounded,24.062451678780366,1.0,True,True
50,5,bounded,18.248669805032478,1.0,True,True
50,8,bounded,18.2486698050324,1.0,True,True
50,12,bounded,3.554409514785394,1.0,True,True
51,2,bounded,34.7470657274714,1.000000000000001,True,True
51,3,bounded,34.74706572747144,1.0,True,True
51,5,bounded,4.284993078632726,1.0,True,True
51,8,bounded,4.284993078632777,1.0000000000000118,True,True
51,12,bounded,3.9979460529258244,1.0000000000000113,True,True
52,2,bounded,95.97112498019463,1.0,True,True
52,3,bounded,40.25323108335584,1.0000000000000053,True,True
52,5,bounded,13.136459001348355,1.0230707221718482,False,True
52,8,bounded,9.354340666911956,1.000000000000011,True,True
52,12,bounded,8.901068215076924,1.0000000000000047,True,True
53,2,bounded,40.83095458574833,1.0000000000000029,True,True
53,3,bounded,35.75717208775092,1.000000000000003,True,True
53,5,bounded,14.679950822661638,1.0,True,True
53,8,bounded,14.679950822661514,1.0000000000000073,True,True
53,12,bounded,6.6874209492537355,1.0000000000000169,True,True
54,2,bounded,128.98676565210243,1.0000000000000007,True,True
54,3,bounded,12.926965070496186,1.0,True,True
54,5,bounded,6.39337894422032,1.0000000000000344,True,True
54,8,bounded,6.393378944220233,1.0000000000000389,True,True
54,12,bounded,6.393378944220291,1.0000000000000389,True,True
55,2,bounded,75.93043944966972,1.0,True,True
55,3,bounded,23.741831339132684,1.000000000000001,True,True
55,5,bounded,17.073604411620767,1.0000000000000042,True,True
55,8,bounded,16.729972933630584,1.0000000000000024,True,True
55,12,bounded,12.351791329503694,1.0000000000000022,True,True
56,2,bounded,45.260021459135025,1.0000000000000047,True,True
56,3,bounded,25.900475790711525,1.000000000000003,True,True
56,5,bounded,24.579868327817756,1.0,True,True
56,8,bounded,15.261160586594476,1.0000000000000102,True,True
56,12,bounded,3.6921911316497162,1.0,True,True
57,2,bounded,40.188747390740055,1.0000000000000009,True,True
57,3,bounded,40.18874739074009,1.0,True,True
57,5,bounded,29.571527947445315,1.000000000000004,True,True
57,8,bounded,12.33436571777309,1.0000000000000027,True,True
57,12,bounded,4.299329551868298,1.0000208366270409,False,True
58,2,bounded,38.66453382178949,1.0000000000000029,True,True
58,3,bounded,16.32328407469191,1.0,True,True
58,5,bounded,8.258674952523256,1.0,True,True
58,8,bounded,7.508273936850467,1.0000000000000142,True,True
58,12,bounded,5.651137392174102,1.0000000000000158,True,True
59,2,bounded,290.129319094151,1.0000000000000002,True,True
59,3,bounded,17.026447422399283,1.0000000000000018,True,True
59,5,bounded,17.026447422399475,1.000000000000005,True,True
59,8,bounded,12.991554849859941,1.0026515175676747,False,True
59,12,bounded,3.8632458127610745,1.0000000000000286,True,True
60,2,bounded,39.3776372419539,1.0,True,True
60,3,bounded,32.85355148461968,1.0000147669158543,False,True
60,5,bounded,10.412687035181426,1.003134430859901,False,True
60,8,bounded,8.041384676745906,1.0000209034012433,False,True
60,12,bounded,1.1293258042736511,1.0095657275986532,False,True
61,2,bounded,86.19279023374077,1.0,True,True
61,3,bounded,68.33485099525427,1.000000000000003,True,True
61,5,bounded,10.28825310135765,1.0105174106185737,False,True
61,8,bounded,9.890982437962625,1.010517410618573,False,True
61,12,bounded,9.349656899185675,1.0049724262876296,False,True
62,2,bounded,27.958294756884975,1.0,True,True
62,3,bounded,21.934340504949486,1.0000000000000027,True,True
62,5,bounded,21.934340504949496,1.0,True,True
62,8,bounded,15.820259355856436,1.0,True,True
62,12,bounded,5.549926636953244,1.0,True,True
63,2,bounded,34.46145512281602,1.0000000000000013,True,True
63,3,bounded,21.978258450401515,1.0022747282134907,False,True
63,5,bounded,11.337905840305835,1.0000000000000004,True,True
63,8,bounded,11.337905840305885,1.0000000000000049,True,True
63,12,bounded,3.7348241839236307,1.0000000000000149,True,True
64,2,bounded,138.2091686004039,1.0000000000000009,True,True
64,3,bounded,30.913607735689688,1.0,True,True
64,5,bounded,15.452459960808858,1.000000000000004,True,True
64,8,bounded,13.030622464184734,1.0000000000000047,True,True
64,12,bounded,5.758441074702862,1.00000000000003,True,True
65,2,bounded,38.82529367456352,1.0000128314104522,False,True
65,3,bounded,38.46355976152256,1.000012831410451,False,True
65,5,bounded,18.86082811973458,1.0000000000000115,True,True
65,8,bounded,8.335159207905205,1.0,True,True
65,12,bounded,1.8375705907825013,1.0000000000000469,True,True
66,2,bounded,329.82351252073937,1.0000000000000002,True,True
66,3,bounded,55.50390633419298,1.0000000000000018,True,True
66,5,bounded,14.219508343108181,1.0007351584225408,False,True
66,8,bounded,10.385373376373858,1.000189470185149,False,True
66,12,bounded,3.194421201956365,1.0,True,True
67,2,bounded,33.31198365965153,1.0000000000000033,True,True
67,3,bounded,25.419989075739135,1.000000000000002,True,True
67,5,bounded,13.546450443444302,1.0000000000000016,True,True
67,8,bounded,6.677237190606024,1.00000000000003,True,True
67,12,bounded,6.677237190606426,1.00000000000003,True,True
68,2,bounded,154.60805707540138,1.0000000000000013,True,True
68,3,bounded,11.036316957169063,1.0,True,True
68,5,bounded,5.955010571348527,1.0000000000000153,True,True
68,8,bounded,5.038293066403977,1.0012434243615937,False,True
68,12,bounded,5.038293066403909,1.0000000000000129,True,True
69,2,bounded,94.98996319422665,1.0000000000000016,True,True
69,3,bounded,35.82478577639926,1.000000000000003,True,True
69,5,bounded,17.161588781650952,1.0012795332760434,False,True
69,8,bounded,16.043016789543703,1.0000000000000047,True,True
69,12,bounded,6.779195395051735,1.000000000000013,True,True
70,2,bounded,35.82787955323269,1.0000000000000007,True,True
70,3,bounded,25.198160683783815,1.0000000000000009,True,True
70,5,bounded,23.60994980260576,1.0,True,True
70,8,bounded,22.357800480250884,1.0000000000000024,True,True
70,12,bounded,13.944136903031692,1.008017958949387,False,True
71,2,bounded,43.6973049879962,1.0000000000000058,True,True
71,3,bounded,42.772629616935454,1.0000000000000042,True,True
71,5,bounded,29.056379615558782,1.0000000000000002,True,True
71,8,bounded,12.046041066631064,1.0000000000000169,True,True
71,12,bounded,2.781251807744223,1.0004224902979715,False,True
72,2,bounded,17.625745537755023,1.0000000000000069,True,True
72,3,bounded,7.445506820050313,1.0,True,True
72,5,bounded,3.879832241905349,1.015237690237027,False,True
72,8,bounded,3.8798322419055755,1.0152376902370592,False,True
72,12,bounded,3.3091969030957267,1.0005615946476971,False,True
73,2,bounded,18.106194453896887,1.0,True,True
73,3,bounded,18.106194453896933,1.0000000000000024,True,True
73,5,bounded,15.40004918614505,1.0000000000000098,True,True
73,8,bounded,5.143455955614799,1.0076234559448247,False,True
73,12,bounded,4.3700199446756995,1.000863240121602,False,True
74,2,bounded,43.22590137205709,1.0000000000000022,True,True
74,3,bounded,42.48765232000772,1.0,True,True
74,5,bounded,16.117563634204917,1.0,True,True
74,8,bounded,10.80666028322971,1.0000000000000095,True,True
74,12,bounded,4.649304531429147,1.0168798382316129,False,True
75,2,bounded,39.13352538126195,1.0000000000000042,True,True
75,3,bounded,39.13352538126194,1.0000000000000022,True,True
75,5,bounded,34.714100867385234,1.0000000000000033,True,True
75,8,bounded,9.706082796917077,1.000151198754099,False,True
75,12,bounded,9.376216215143144,1.0000612703060894,False,True
76,2,bounded,19.59364358058551,1.0000000000000027,True,True
76,3,bounded,17.767779996020888,1.0000000000000027,True,True
76,5,bounded,15.202442943392352,1.0000000000000027,True,True
76,8,bounded,12.588023044037925,1.0,True,True
76,12,bounded,8.634345553550707,1.0,True,True
77,2,bounded,47.904102393011435,1.0000000000000016,True,True
77,3,bounded,40.348378014901876,1.000000000000004,True,True
77,5,bounded,34.132603511756336,1.0,True,True
77,8,bounded,8.592787604958351,1.011575557997897,False,True
77,12,bounded,8.592787604958238,1.0115755579979178,False,True
78,2,bounded,210.3583868912689,1.0000000000000004,True,True
78,3,bounded,79.10710085449048,1.0,True,True
78,5,bounded,35.252768225599524,1.000000000000003,True,True
78,8,bounded,25.777486329588235,1.0,True,True
78,12,bounded,13.255005430259033,1.0,True,True
79,2,bounded,40.88217980611207,1.000000000000006,True,True
79,3,bounded,15.467809148422695,1.0000000000000138,True,True
79,5,bounded,5.806586227096977,1.0349115396256907,False,True
79,8,bounded,4.391484437671881,1.0007410459535706,False,True
79,12,bounded,3.959438914821195,1.0007410459535506,False,True
80,2,bounded,63.34784905891121,1.0000000000000018,True,True
80,3,bounded,41.70310758575151,1.0000000000000018,True,True
80,5,bounded,22.216359026860207,1.000000000000002,True,True
80,8,bounded,14.445992102644444,1.0000000000000002,True,True
80,12,bounded,10.469837040388455,1.0007720783396967,False,True
81,2,bounded,37.93361270282573,1.000000000000003,True,True
81,3,bounded,36.158525749026474,1.0000000000000024,True,True
81,5,bounded,9.571504545394383,1.026037138307056,False,True
81,8,bounded,7.042457562058945,1.000000000000007,True,True
81,12,bounded,7.042457562059199,1.0000000000000142,True,True
82,2,bounded,113.23290227640213,1.0,True,True
82,3,bounded,56.27277789965484,1.0000000000000002,True,True
82,5,bounded,46.330974634577494,1.0,True,True
82,8,bounded,11.10985829365681,1.0000000000000007,True,True
82,12,bounded,1.765565399859659,1.0048436958906792,False,True
83,2,bounded,38.33654914010398,1.0000000000000022,True,True
83,3,bounded,14.92354764585573,1.0000000000000038,True,True
83,5,bounded,9.420777065105396,1.0019027009707526,False,True
83,8,bounded,8.081468295573321,1.003264992227536,False,True
83,12,bounded,8.081468295573472,1.0032649922275254,False,True
84,2,bounded,65.29673895483714,1.0,True,True
84,3,bounded,24.27170889669241,1.0000000000000089,True,True
84,5,bounded,10.899396898554802,1.0,True,True
84,8,bounded,5.518107262265558,1.0006826669632574,False,True
84,12,bounded,4.678798998343126,1.000000000000045,True,True
85,2,bounded,30.23444090115032,1.000000000000005,True,True
85,3,bounded,22.021963554529265,1.0000000000000038,True,True
85,5,bounded,10.804006349074951,1.0000000000000189,True,True
85,8,bounded,2.569258639442542,1.0,True,True
85,12,bounded,2.458947526333834,1.0001314886074693,False,True
86,2,bounded,74.00003299164229,1.0000000000000009,True,True
86,3,bounded,42.34173293869187,1.0000000000000018,True,True
86,5,bounded,23.686844932700378,1.0000000000000042,True,True
86,8,bounded,7.551417728322156,1.0000000000000104,True,True
86,12,bounded,6.84899469163405,1.000000000000012,True,True
87,2,bounded,98.49007294357794,1.0000000000000002,True,True
87,3,bounded,40.00015076783888,1.0,True,True
87,5,bounded,40.00015076783909,1.0000000000000053,True,True
87,8,bounded,19.91103874098182,1.0,True,True
87,12,bounded,4.040568373750613,1.006751221734765,False,True
88,2,bounded,69.97137441184515,1.0,True,True
88,3,bounded,32.546129815969486,1.0941192422310204,False,True
88,5,bounded,27.56028697066789,1.0000000000000002,True,True
88,8,bounded,5.7933535487127825,1.0000000000000036,True,True
88,12,bounded,5.793353548712965,1.0,True,True
89,2,bounded,384.66419684077505,1.0,True,True
89,3,bounded,21.627756497872056,1.0,True,True
89,5,bounded,18.345350317531974,1.003919948278789,False,True
89,8,bounded,17.50457096291563,1.0,True,True
89,12,bounded,10.767351348437145,1.00007391128738,False,True
90,2,bounded,216.2807552881074,1.0,True,True
90,3,bounded,36.99508149571373,1.0,True,True
90,5,bounded,16.275624720692587,1.0005417402439583,False,True
90,8,bounded,7.8788349941927285,1.0,True,True
90,12,bounded,1.8661046993362402,1.0001967705658978,False,True
91,2,bounded,74.65963821093997,1.0,True,True
91,3,bounded,19.309286993973924,1.020716485291315,False,True
91,5,bounded,18.4239987381513,1.0134554787028751,False,True
91,8,bounded,17.624659164490282,1.0000000000000082,True,True
91,12,bounded,14.038841166442378,1.0000000000000107,True,True
92,2,bounded,96.46255607672286,1.0000000000000007,True,True
92,3,bounded,32.351953098499045,1.000000000000003,True,True
92,5,bounded,16.002868926750686,1.0013730559450638,False,True
92,8,bounded,10.751393380060804,1.000282498289547,False,True
92,12,bounded,5.384226925634008,1.0,True,True
93,2,bounded,94.5698904665748,1.0000000000000004,True,True
93,3,bounded,52.3135995833139,1.000000000000004,True,True
93,5,bounded,7.314528293239756,1.0000000000000016,True,True
93,8,bounded,4.642992211802733,1.0000000000000027,True,True
93,12,bounded,4.039424160732675,1.0000000000000564,True,True
94,2,bounded,1577.9026554713655,1.0,True,True
94,3,bounded,31.079474501269576,1.0000000000000033,True,True
94,5,bounded,13.500212361490377,1.0294670403005148,False,True
94,8,bounded,12.488239913760777,1.0103457359838415,False,True
94,12,bounded,3.576010136740815,1.0,True,True
95,2,bounded,237.3130861428718,1.0,True,True
95,3,bounded,39.983060455626664,1.0,True,True
95,5,bounded,3.747234701017759,1.0000000000000075,True,True
95,8,bounded,3.362194955625888,1.002739611351075,False,True
95,12,bounded,2.5921044960175728,1.093297130292242,False,True
96,2,bounded,23.436691676772956,1.0000000000000098,True,True
96,3,bounded,18.564589932944862,1.000000000000012,True,True
96,5,bounded,13.124245242688778,1.0039767594910223,False,True
96,8,bounded,4.601038884588569,1.0203914447395621,False,True
96,12,bounded,4.601038884588804,1.0203914447395586,False,True
97,2,bounded,39.60762544766801,1.0000000000000056,True,True
97,3,bounded,23.848800737470818,1.0000000000000089,True,True
97,5,bounded,7.11513855803005,1.000000000000022,True,True
97,8,bounded,7.1151385580298925,1.0,True,True
97,12,bounded,6.879896979972231,1.000000000000009,True,True
98,2,bounded,326.610386992125,1.0,True,True
98,3,bounded,30.382440293390943,1.0000000000000027,True,True
98,5,bounded,11.546607478192739,1.0049690498458057,False,True
98,8,bounded,3.4010757920045926,1.039420662349078,False,True
98,12,bounded,3.10806716807907,1.0049690498458101,False,True
99,2,bounded,27.923290581055806,1.0000000000000007,True,True
99,3,bounded,10.6885906941804,1.0000000000000033,True,True
99,5,bounded,10.6885906941804,1.0000000000000033,True,True
99,8,bounded,7.863128368401411,1.0036052505061623,False,True
99,12,bounded,2.90389096367701,1.0000000000000198,True,True
100,2,bounded,329.52881006963844,1.0,True,True
100,3,bounded,31.906011391407198,1.0000153322010674,False,True
100,5,bounded,29.390307550112396,1.0,True,True
100,8,bounded,19.86266208192274,1.0,True,True
100,12,bounded,11.511508849930225,1.000000000000005,True,True
101,2,bounded,29.539158571645114,1.0,True,True
101,3,bounded,27.870609396850853,1.0,True,True
101,5,bounded,27.02953673278797,1.000000000000003,True,True
101,8,bounded,5.449559517911404,1.0,True,True
101,12,bounded,3.3892373517774357,1.0000000000000078,True,True
102,2,bounded,63.570245335411286,1.0,True,True
102,3,bounded,43.44297275506936,1.0000319625106278,False,True
102,5,bounded,42.68103525667184,1.0000000000000022,True,True
102,8,bounded,15.278497294272505,1.0000000000000095,True,True
102,12,bounded,12.020975876667034,1.0000000000000073,True,True
103,2,bounded,78.47940888176355,1.0000000000000004,True,True
103,3,bounded,65.81017979881025,1.0000000000000036,True,True
103,5,bounded,28.56700890452355,1.0614619305269222,False,True
103,8,bounded,25.571456382188703,1.0075860499756077,False,True
103,12,bounded,4.605529048096617,1.0,True,True
104,2,bounded,1853.6425861902608,1.0,True,True
104,3,bounded,38.89962534819216,1.0000000000000044,True,True
104,5,bounded,21.72485094993865,1.0000000000000018,True,True
104,8,bounded,21.67951655669735,1.000000000000005,True,True
104,12,bounded,7.968386154701237,1.0016086537109665,False,True
105,2,bounded,235.53967180362386,1.0,True,True
105,3,bounded,136.5687600915138,1.0,True,True
105,5,bounded,27.941221377685874,1.0000000000000024,True,True
105,8,bounded,19.809881461483677,1.013735763405257,False,True
105,12,bounded,8.313615252069516,1.0,True,True
106,2,bounded,281.86708822103174,1.0000000000000007,True,True
106,3,bounded,35.84795550490205,1.0000000000000069,True,True
106,5,bounded,25.243033084132882,1.0000000000000102,True,True
106,8,bounded,14.111884225984694,1.0000000000000122,True,True
106,12,bounded,13.073240885161942,1.0000000000000138,True,True
107,2,bounded,95.5513512825297,1.0,True,True
107,3,bounded,56.788778217637514,1.000000000000004,True,True
107,5,bounded,39.72887753351019,1.0000000000000058,True,True
107,8,bounded,3.778515523334051,1.000000000000066,True,True
107,12,bounded,2.429977544816539,1.0000000000000264,True,True
108,2,bounded,191.7229407740084,1.0000000000000002,True,True
108,3,bounded,191.72294077400855,1.0000000000000007,True,True
108,5,bounded,30.92887870649859,1.0000000000000062,True,True
108,8,bounded,27.036461825279897,1.000000000000006,True,True
108,12,bounded,10.647155955181352,1.0000000000000238,True,True
109,2,bounded,47.52471363069443,1.0000000000000022,True,True
109,3,bounded,32.389521760865435,1.0,True,True
109,5,bounded,9.273732347410416,1.0000000000000115,True,True
109,8,bounded,6.796732022961235,1.0000000000000153,True,True
109,12,bounded,6.796732022961444,1.0000000000000153,True,True
110,2,bounded,446.92741962584637,1.0000000000000002,True,True
110,3,bounded,253.48637483823637,1.0,True,True
110,5,bounded,20.990914485196416,1.0035979755771807,False,True
110,8,bounded,11.454826829154904,1.000000000000002,True,True
110,12,bounded,11.454826829154882,1.0,True,True
111,2,bounded,272.9160569532486,1.0000000000000009,True,True
111,3,bounded,71.97703096943083,1.0000000000000027,True,True
111,5,bounded,7.524784700031237,1.0,True,True
111,8,bounded,5.878110740153049,1.000000000000014,True,True
111,12,bounded,4.1891862026063205,1.0,True,True
112,2,bounded,59.284755656950914,1.000000000000001,True,True
112,3,bounded,59.28475565695026,1.0000000000000009,True,True
112,5,bounded,31.410765169094574,1.0000000000000069,True,True
112,8,bounded,2.7497841219377372,1.0000828704559168,False,True
112,12,bounded,2.725780911447288,1.0000828704559042,False,True
113,2,bounded,182.96506663114823,1.0,True,True
113,3,bounded,18.554632045779268,1.0000000000000062,True,True
113,5,bounded,18.554632045779382,1.0,True,True
113,8,bounded,10.543517612084127,1.0,True,True
113,12,bounded,10.543517612084127,1.0,True,True
114,2,bounded,116.01079834582184,1.0,True,True
114,3,bounded,48.48211093519082,1.0,True,True
114,5,bounded,17.64169071385916,1.0,True,True
114,8,bounded,13.378098608245619,1.0000000000000173,True,True
114,12,bounded,9.869345634177094,1.0000143451238062,False,True
115,2,bounded,41.31636812317835,1.0,True,True
115,3,bounded,22.953809581954875,1.0000000000000007,True,True
115,5,bounded,22.953809581954747,1.0,True,True
115,8,bounded,10.667048637949074,1.0188750655422796,False,True
115,12,bounded,7.212802984933063,1.0707357665468202,False,True
116,2,bounded,43.12035779453933,1.0,True,True
116,3,bounded,40.954756483756356,1.0000000000000016,True,True
116,5,bounded,25.26215128549804,1.0000000000000007,True,True
116,8,bounded,13.168123898894107,1.0,True,True
116,12,bounded,12.567701068704558,1.0000000000000036,True,True
117,2,bounded,52.28524832933035,1.0,True,True
117,3,bounded,15.996294717792995,1.0320449525621775,False,True
117,5,bounded,15.996294717793223,1.032044952562178,False,True
117,8,bounded,12.73120350734944,1.108443420207747,False,True
117,12,bounded,9.124466831170931,1.048172976830117,False,True
118,2,bounded,55.809976705608236,1.0000000000000009,True,True
118,3,bounded,52.527969261413126,1.000000000000002,True,True
118,5,bounded,14.154712556300613,1.044865719487517,False,True
118,8,bounded,3.5100410945273115,1.007990941008685,False,True
118,12,bounded,3.1480873476854385,1.0006478217586599,False,True
119,2,bounded,146.70998816544162,1.0000000000000004,True,True
119,3,bounded,40.56344124854218,1.0,True,True
119,5,bounded,26.415409941583643,1.0000000000000002,True,True
119,8,bounded,9.086144534664076,1.0000000000000007,True,True
119,12,bounded,3.529442301661683,1.0000000000000064,True,True
120,2,bounded,41.9506302373811,1.0,True,True
120,3,bounded,6.376356999577978,1.0203062245370824,False,True
120,5,bounded,4.682718496263171,1.0089626252524566,False,True
120,8,bounded,3.721914258801704,1.0000000000000149,True,True
120,12,bounded,1.9109946738034471,1.0020253786157307,False,True
121,2,bounded,548.1802305988157,1.0000000000000002,True,True
121,3,bounded,59.43339531554938,1.0,True,True
121,5,bounded,34.70770795449521,1.0000000000000033,True,True
121,8,bounded,27.332490259276035,1.0000000000000044,True,True
121,12,bounded,13.068461434206819,1.0000000000000062,True,True
122,2,bounded,567.5322525717047,1.0000000000000004,True,True
122,3,bounded,32.74052325323525,1.0000000000000002,True,True
122,5,bounded,20.759457438535954,1.0142001016720388,False,True
122,8,bounded,15.447964608232335,1.03850209437532,False,True
122,12,bounded,10.259448694636669,1.0095208050798283,False,True
123,2,bounded,62.42121492299819,1.0,True,True
123,3,bounded,11.688894221028942,1.0000000000000089,True,True
123,5,bounded,9.90067573833558,1.0000000000000107,True,True
123,8,bounded,6.054186805800426,1.0000000000000182,True,True
123,12,bounded,5.679321263576313,1.0013462071052304,False,True
124,2,bounded,127.24022907986249,1.0000000000000009,True,True
124,3,bounded,28.349067717880267,1.0000000000000062,True,True
124,5,bounded,18.558311537435632,1.0000000000000115,True,True
124,8,bounded,10.1548789763653,1.0000000000000153,True,True
124,12,bounded,10.154878976365227,1.0000000000000082,True,True
125,2,bounded,101.50824459688756,1.0000000000000013,True,True
125,3,bounded,5.236237936685405,1.0,True,True
125,5,bounded,5.236237936685485,1.0000000000000153,True,True
125,8,bounded,3.8561115874824097,1.0000000000000613,True,True
125,12,bounded,3.856111587482494,1.0000000000000395,True,True
126,2,bounded,51.34166050478346,1.0,True,True
126,3,bounded,49.288603830548595,1.0,True,True
126,5,bounded,42.200401324292166,1.0,True,True
126,8,bounded,28.923082880134476,1.000000000000002,True,True
126,12,bounded,15.066311964150719,1.0,True,True
127,2,bounded,52.39914583557743,1.0,True,True
127,3,bounded,25.025789501468925,1.0,True,True
127,5,bounded,25.02578950146892,1.0,True,True
127,8,bounded,7.250090151424471,1.00319208532042,False,True
127,12,bounded,7.05714314164257,1.0040198683871502,False,True
128,2,bounded,34.94944308922817,1.0000000000000029,True,True
128,3,bounded,11.972991864707673,1.0000000000000042,True,True
128,5,bounded,10.117956384167059,1.0,True,True
128,8,bounded,3.0107813747614247,1.0,True,True
128,12,bounded,2.616217800491093,1.000000000000001,True,True
129,2,bounded,26.91069087727102,1.0000000000000047,True,True
129,3,bounded,26.910690877271097,1.0,True,True
129,5,bounded,23.129351313093352,1.0,True,True
129,8,bounded,7.022378640336123,1.0,True,True
129,12,bounded,2.850577028625779,1.024043184288486,False,True
130,2,bounded,75.4088354152453,1.0000000000000016,True,True
130,3,bounded,23.25795636536284,1.0000000000000047,True,True
130,5,bounded,18.20431782909638,1.0,True,True
130,8,bounded,4.9992879580836735,1.0,True,True
130,12,bounded,4.282110007161406,1.0000000000000047,True,True
131,2,bounded,54.7860633326234,1.0,True,True
131,3,bounded,40.42159316424685,1.0000282820336013,False,True
131,5,bounded,15.775990963976675,1.0,True,True
131,8,bounded,8.907322109247154,1.0199533244939498,False,True
131,12,bounded,8.907322109247376,1.0199533244939407,False,True
132,2,bounded,36.393424661370126,1.0000000000000029,True,True
132,3,bounded,25.048476065943394,1.0,True,True
132,5,bounded,13.224076366269047,1.0006683100946439,False,True
132,8,bounded,5.859012709232832,1.002680836271203,False,True
132,12,bounded,5.859012709232905,1.0026808362711905,False,True
133,2,bounded,70.69101976961677,1.0,True,True
133,3,bounded,25.046265110652318,1.0429944240017948,False,True
133,5,bounded,25.046265110652506,1.0169049407195732,False,True
133,8,bounded,22.929230874436527,1.0000000000000042,True,True
133,12,bounded,5.882465271302326,1.0111794310765643,False,True
134,2,bounded,47.6265101792754,1.0,True,True
134,3,bounded,19.73646377697421,1.0000000000000049,True,True
134,5,bounded,7.110423330644359,1.0000000000000135,True,True
134,8,bounded,2.2850132094755384,1.0,True,True
134,12,bounded,2.2613004581874283,1.0000000000000577,True,True
135,2,bounded,40.194186553197746,1.0,True,True
135,3,bounded,11.508892245546322,1.0000000000000038,True,True
135,5,bounded,11.508892245546404,1.0,True,True
135,8,bounded,11.46206228698981,1.0000000000000038,True,True
135,12,bounded,2.5554392242445148,1.0000000000000082,True,True
136,2,bounded,71.10090501473559,1.0,True,True
136,3,bounded,13.72249589827496,1.0000000000000033,True,True
136,5,bounded,13.72249589827521,1.0000000000000033,True,True
136,8,bounded,3.62134106822067,1.0000000000000033,True,True
136,12,bounded,2.260329376034137,1.0000000000000002,True,True
137,2,bounded,100.83526326361836,1.0000000000000002,True,True
137,3,bounded,55.45506506504019,1.0,True,True
137,5,bounded,22.1464274917133,1.0,True,True
137,8,bounded,6.579492492229072,1.0000000000000266,True,True
137,12,bounded,3.123298014837885,1.0,True,True
138,2,bounded,59.33967632328971,1.0,True,True
138,3,bounded,59.33967632328954,1.0,True,True
138,5,bounded,30.666396388637153,1.0000000000000016,True,True
138,8,bounded,8.611276868849098,1.00000000000001,True,True
138,12,bounded,8.611276868848899,1.0000000000000069,True,True
139,2,bounded,906.7308363482219,1.0000000000000002,True,True
139,3,bounded,93.36461993812806,1.0,True,True
139,5,bounded,3.6019545042626393,1.0,True,True
139,8,bounded,3.0792208770852167,1.0000002285156473,False,True
139,12,bounded,1.912850628119407,1.01404727017326,False,True
140,2,bounded,37.5843593225652,1.0000000000000004,True,True
140,3,bounded,37.584359322563486,1.0000000000000027,True,True
140,5,bounded,23.826539054935548,1.0,True,True
140,8,bounded,10.267657727943407,1.0,True,True
140,12,bounded,7.869141560011218,1.0000000000000022,True,True
141,2,bounded,66.22532476171456,1.0000000000000033,True,True
141,3,bounded,60.35202651724398,1.0000000000000038,True,True
141,5,bounded,21.022507770608968,1.0000000000000016,True,True
141,8,bounded,9.285596290906689,1.0000000000000016,True,True
141,12,bounded,7.820357414941777,1.0000000000000295,True,True
142,2,bounded,113.6318003207633,1.0000000000000018,True,True
142,3,bounded,9.533635856515625,1.0,True,True
142,5,bounded,9.533635856515717,1.0000000000000118,True,True
142,8,bounded,7.904706005781799,1.0044605093364742,False,True
142,12,bounded,3.7081280800125525,1.0,True,True
143,2,bounded,59.887164304883356,1.0,True,True
143,3,bounded,47.370486638009936,1.0,True,True
143,5,bounded,24.649862242308675,1.000000000000007,True,True
143,8,bounded,8.512151171590126,1.0729701918972334,False,True
143,12,bounded,8.393536645720527,1.0241920393893118,False,True
144,2,bounded,71.78171285345249,1.0,True,True
144,3,bounded,45.80853345804798,1.0000000000000038,True,True
144,5,bounded,17.28020807070449,1.0073635689727651,False,True
144,8,bounded,10.621609176696838,1.0000000000000215,True,True
144,12,bounded,8.152560917264843,1.0000000000000278,True,True
145,2,bounded,196.2756272053348,1.0,True,True
145,3,bounded,130.17835022982212,1.0000000000000018,True,True
145,5,bounded,24.586717889126128,1.0037718267885976,False,True
145,8,bounded,5.581162194690447,1.0,True,True
145,12,bounded,5.581162194690469,1.0,True,True
146,2,bounded,106.63365334989227,1.0000000000000004,True,True
146,3,bounded,22.593541897229713,1.0000769891128412,False,True
146,5,bounded,19.705136254157196,1.0,True,True
146,8,bounded,17.10456349883817,1.0,True,True
146,12,bounded,6.86746290150842,1.0432723604933256,False,True
147,2,bounded,20.992846504214494,1.0000000000000018,True,True
147,3,bounded,4.402932838001851,1.0000405942503905,False,True
147,5,bounded,4.402932838001652,1.0000405942504116,False,True
147,8,bounded,2.797262223696112,1.0,True,True
147,12,bounded,1.0855541437421374,1.0000000000001001,True,True
148,2,bounded,79.76721860449629,1.0000000000000013,True,True
148,3,bounded,27.710523764409633,1.0295221556961218,False,True
148,5,bounded,6.240186159943234,1.0,True,True
148,8,bounded,5.0562064026310525,1.000000000000045,True,True
148,12,bounded,4.34698361617427,1.000000000000052,True,True
149,2,bounded,57.46577401937994,1.0000000000000002,True,True
149,3,bounded,36.00840750009341,1.0000000000000027,True,True
149,5,bounded,20.999577700439207,1.0000000000000044,True,True
149,8,bounded,12.509068531719903,1.0000000000000087,True,True
149,12,bounded,4.702561487641102,1.0000000000000067,True,True
150,2,bounded,54.62711471464747,1.0000000000000018,True,True
150,3,bounded,20.248255639355534,1.0000000000000056,True,True
150,5,bounded,15.602611030518862,1.0,True,True
150,8,bounded,12.921726802067921,1.000000000000009,True,True
150,12,bounded,6.713354797663428,1.000000000000036,True,True
151,2,bounded,132.2495545273071,1.0000000000000018,True,True
151,3,bounded,27.07860917996194,1.0,True,True
151,5,bounded,12.827171556448208,1.0000000000000013,True,True
151,8,bounded,6.429651848374542,1.0000000000000075,True,True
151,12,bounded,4.838582295570096,1.0000000000000204,True,True
152,2,bounded,72.55821208871738,1.0,True,True
152,3,bounded,52.60116876889134,1.0,True,True
152,5,bounded,29.601695836328677,1.000000000000002,True,True
152,8,bounded,11.428309717337797,1.0123545368218876,False,True
152,12,bounded,4.476700565252661,1.0,True,True
153,2,bounded,10.871303855662743,1.0,True,True
153,3,bounded,10.418070498066701,1.0000000000000173,True,True
153,5,bounded,8.034571229919187,1.0,True,True
153,8,bounded,5.891405020837196,1.0,True,True
153,12,bounded,4.903246568300218,1.000000000000023,True,True
154,2,bounded,36.30040471805104,1.0000000000000069,True,True
154,3,bounded,8.600683109613398,1.0000000000000222,True,True
154,5,bounded,8.523401113119725,1.0000000000000036,True,True
154,8,bounded,5.996326174867002,1.003578011138632,False,True
154,12,bounded,5.996326174867002,1.003578011138632,False,True
155,2,bounded,50.63276263680715,1.0000000000000018,True,True
155,3,bounded,48.357294815118784,1.000000000000002,True,True
155,5,bounded,9.724921019300746,1.0031042144924307,False,True
155,8,bounded,8.059109412489024,1.0010226523346262,False,True
155,12,bounded,8.059109412489152,1.001022652334625,False,True
156,2,bounded,42.18772962452153,1.0000000000000004,True,True
156,3,bounded,7.37604625378315,1.0177649873208332,False,True
156,5,bounded,7.023467525756339,1.0000073985695366,False,True
156,8,bounded,7.023467525756449,1.0000073985695392,False,True
156,12,bounded,3.9175257226325155,1.0,True,True
157,2,bounded,114.80061845776328,1.0000000000000002,True,True
157,3,bounded,28.570700417505314,1.0000000000000078,True,True
157,5,bounded,12.458954360480197,1.0000000000000042,True,True
157,8,bounded,9.359150826490481,1.0000000000000058,True,True
157,12,bounded,1.8634910829930424,1.0000000000000848,True,True
158,2,bounded,183.0612293662899,1.0,True,True
158,3,bounded,46.62448599500636,1.0,True,True
158,5,bounded,8.997361012263498,1.0,True,True
158,8,bounded,5.573100813018485,1.0,True,True
158,12,bounded,5.57310081301865,1.0000000000000007,True,True
159,2,bounded,1141.8163401708844,1.0,True,True
159,3,bounded,56.531731805896314,1.0,True,True
159,5,bounded,36.363852080294016,1.0000000000000013,True,True
159,8,bounded,15.85373346778795,1.003359730588838,False,True
159,12,bounded,9.402814061561633,1.0114009833822064,False,True
160,2,bounded,151.62009389650075,1.0,True,True
160,3,bounded,38.33483015207481,1.0000000000000058,True,True
160,5,bounded,20.097187189696918,1.0,True,True
160,8,bounded,11.47786836277437,1.0222875404017748,False,True
160,12,bounded,3.64766216030784,1.0000000000000693,True,True
161,2,bounded,255.14193074532628,1.0000000000000009,True,True
161,3,bounded,117.9340174079576,1.0000000000000018,True,True
161,5,bounded,28.634463889756418,1.0,True,True
161,8,bounded,19.470479486088664,1.0000000000000113,True,True
161,12,bounded,19.470479486088436,1.0,True,True
162,2,bounded,620.9328908350373,1.0000000000000004,True,True
162,3,bounded,22.31200220649884,1.0000000000000075,True,True
162,5,bounded,11.166135051274479,1.0000000000000087,True,True
162,8,bounded,9.043516969158413,1.0,True,True
162,12,bounded,9.043516969158523,1.0000000000000122,True,True
163,2,bounded,44.81940649609006,1.0000000000000018,True,True
163,3,bounded,38.277538884292056,1.0,True,True
163,5,bounded,29.561271334105466,1.0,True,True
163,8,bounded,3.7606473758936003,1.0,True,True
163,12,bounded,3.760647375893132,1.0000000000000062,True,True
164,2,bounded,105.91220803581686,1.0,True,True
164,3,bounded,13.020037202776383,1.0,True,True
164,5,bounded,13.020037202776276,1.0000000000000082,True,True
164,8,bounded,13.020037202776377,1.0000000000000004,True,True
164,12,bounded,4.944101363870439,1.0010696216408872,False,True
165,2,bounded,17.214802664542844,1.0000000000000016,True,True
165,3,bounded,17.21480266454287,1.000000000000003,True,True
165,5,bounded,17.214802664543146,1.0000000000000002,True,True
165,8,bounded,10.688362703383238,1.0000000000000027,True,True
165,12,bounded,6.081952923670289,1.0,True,True
166,2,bounded,102.78283227432432,1.0000000000000013,True,True
166,3,bounded,25.790414452189683,1.0000000000000042,True,True
166,5,bounded,21.731789342730334,1.0,True,True
166,8,bounded,15.363556666353235,1.00078433783791,False,True
166,12,bounded,6.421243635092187,1.0009496803012068,False,True
167,2,bounded,36.86425913100799,1.0000000000000027,True,True
167,3,bounded,16.803578703882387,1.0,True,True
167,5,bounded,7.304723663783512,1.0000000000000155,True,True
167,8,bounded,7.304723663783491,1.0000000000000155,True,True
167,12,bounded,2.4101347148390055,1.0000000000000626,True,True
168,2,bounded,199.50384226036144,1.0,True,True
168,3,bounded,199.50384226036155,1.0,True,True
168,5,bounded,27.17531069774433,1.0000000000000024,True,True
168,8,bounded,18.681902955409694,1.0,True,True
168,12,bounded,7.40285446065464,1.0000000000000018,True,True
169,2,bounded,293.65684115371744,1.0,True,True
169,3,bounded,69.29126809364358,1.0,True,True
169,5,bounded,8.959328186061578,1.0,True,True
169,8,bounded,7.463546144436171,1.0000000000000004,True,True
169,12,bounded,3.204185140199113,1.000000000000032,True,True
170,2,unbounded,,,False,True
170,3,bounded,35.16207716199739,1.0,True,True
170,5,bounded,15.87374870798721,1.0,True,True
170,8,bounded,15.873748707987268,1.0,True,True
170,12,bounded,10.698346528705743,1.0192288976745665,False,True
171,2,bounded,39.34573073985395,1.0,True,True
171,3,bounded,39.34573073985411,1.0,True,True
171,5,bounded,26.527070727365256,1.0,True,True
171,8,bounded,9.47729028469461,1.0000000000000013,True,True
171,12,bounded,1.5974707217474748,1.0000000000000366,True,True
172,2,bounded,104.71613021792324,1.0,True,True
172,3,bounded,39.067549551056736,1.0043339617515306,False,True
172,5,bounded,23.15976834605988,1.0007733958557794,False,True
172,8,bounded,14.676578215520085,1.0004391043523948,False,True
172,12,bounded,9.999587057964645,1.000000000000022,True,True
173,2,bounded,1663.6726047777925,1.0,True,True
173,3,bounded,40.3056985926582,1.0,True,True
173,5,bounded,35.470831867120076,1.0,True,True
173,8,bounded,33.97758163519925,1.0000000000000002,True,True
173,12,bounded,22.902009430160653,1.000000000000002,True,True
174,2,bounded,43.09909401566646,1.0000000000000007,True,True
174,3,bounded,43.09909401566637,1.0,True,True
174,5,bounded,7.065264917728982,1.0000000000000153,True,True
174,8,bounded,5.533498843942434,1.0000000000000202,True,True
174,12,bounded,4.006996521514437,1.0364485776538552,False,True
175,2,bounded,442.54424730269074,1.0000000000000002,True,True
175,3,bounded,93.1466670386008,1.0000000000000002,True,True
175,5,bounded,59.225401885337476,1.0000000000000013,True,True
175,8,bounded,22.004891598656652,1.0,True,True
175,12,bounded,10.334788593053737,1.0,True,True
176,2,bounded,53.61355845652176,1.0000000000000004,True,True
176,3,bounded,48.169212564214895,1.0000000000000004,True,True
176,5,bounded,23.52281506769907,1.0,True,True
176,8,bounded,17.775395697280327,1.0000000000000029,True,True
176,12,bounded,10.431508821012516,1.0007216470604086,False,True
177,2,bounded,23.834544336330193,1.0000000000000004,True,True
177,3,bounded,23.834544336330193,1.0000000000000004,True,True
177,5,bounded,11.578503092308079,1.0,True,True
177,8,bounded,11.578503092307837,1.0000000000000184,True,True
177,12,bounded,9.324809715121903,1.0000000000000273,True,True
178,2,bounded,39.73864151188398,1.0000000000000056,True,True
178,3,bounded,11.774781635598126,1.0023704056433786,False,True
178,5,bounded,11.774781635598224,1.0,True,True
178,8,bounded,8.168409082603675,1.0000000000000262,True,True
178,12,bounded,7.202762548496759,1.000000000000029,True,True
179,2,bounded,71.53555697102631,1.000000000000003,True,True
179,3,bounded,42.55716250176572,1.0,True,True
179,5,bounded,6.094249671120045,1.0,True,True
179,8,bounded,4.672814205182388,1.0000000000000109,True,True
179,12,bounded,4.565316568194509,1.0000000000000602,True,True
180,2,bounded,41.968905638946296,1.000000000000001,True,True
180,3,bounded,24.88715478847854,1.0106805181136649,False,True
180,5,bounded,19.954348630037565,1.0106805181136658,False,True
180,8,bounded,5.533279263037601,1.0,True,True
180,12,bounded,3.9080375663356173,1.0058183906576565,False,True
181,2,bounded,39.2387302352685,1.0000000000000042,True,True
181,3,bounded,31.44415345671944,1.0000000000000058,True,True
181,5,bounded,10.403905260057014,1.0220228948802748,False,True
181,8,bounded,4.789950045559571,1.0146167825675623,False,True
181,12,bounded,4.7899500455595,1.0146167825675543,False,True
182,2,bounded,63.99467057973306,1.0,True,True
182,3,bounded,43.5029908464574,1.0,True,True
182,5,bounded,4.1321905778343915,1.0523052250584566,False,True
182,8,bounded,4.132190577834579,1.0523052250584428,False,True
182,12,bounded,3.736337342648103,1.0,True,True
183,2,bounded,38.85399292192949,1.0,True,True
183,3,bounded,20.92840579162413,1.0000000000000049,True,True
183,5,bounded,9.542024452892624,1.00000000000001,True,True
183,8,bounded,7.863610493792094,1.000000000000016,True,True
183,12,bounded,7.863610493791905,1.000000000000016,True,True
184,2,bounded,37.13420444505018,1.000000000000002,True,True
184,3,bounded,24.483814436263405,1.0302510122309254,False,True
184,5,bounded,17.161606818881335,1.0000000000000082,True,True
184,8,bounded,7.323722401495507,1.0000000000000262,True,True
184,12,bounded,4.453297433853047,1.0000645932833319,False,True
185,2,bounded,12.667481597908637,1.0000000000000038,True,True
185,3,bounded,12.30605686377074,1.0000000000000069,True,True
185,5,bounded,7.944430640866906,1.0000000000000302,True,True
185,8,bounded,3.500879025350745,1.0091116888404865,False,True
185,12,bounded,1.9840339681541672,1.006319392489897,False,True
186,2,bounded,30.49307106913951,1.0000000000000036,True,True
186,3,bounded,18.45627093476715,1.0,True,True
186,5,bounded,7.97241279616886,1.0,True,True
186,8,bounded,7.030311703378452,1.0,True,True
186,12,bounded,6.071896554221947,1.0133125484235448,False,True
187,2,bounded,24.968635947018367,1.0000000000000058,True,True
187,3,bounded,8.909902360638773,1.0,True,True
187,5,bounded,8.909902360638712,1.0000000000000069,True,True
187,8,bounded,7.605213566586098,1.0000000000000133,True,True
187,12,bounded,1.7973841347415762,1.0000000000000104,True,True
188,2,bounded,117.09169003854049,1.0000000000000004,True,True
188,3,bounded,38.83041239040733,1.0003984915111002,False,True
188,5,bounded,38.83041239040733,1.0000012232916258,False,True
188,8,bounded,12.57701119532951,1.0000000000000056,True,True
188,12,bounded,7.9693641670918955,1.0000000000000138,True,True
189,2,bounded,50.20880569672516,1.0,True,True
189,3,bounded,39.158630656187704,1.0012963518470017,False,True
189,5,bounded,16.01420983942546,1.0,True,True
189,8,bounded,15.937174528707118,1.0000000000000082,True,True
189,12,bounded,13.178843476839933,1.000000000000006,True,True
190,2,bounded,96.9500227294157,1.0,True,True
190,3,bounded,48.84366956189498,1.0000000000000007,True,True
190,5,bounded,31.46401629673291,1.003545779568207,False,True
190,8,bounded,4.1266152118977715,1.0006180816831265,False,True
190,12,bounded,4.1266152118978034,1.0006180816831198,False,True
191,2,bounded,20.65927803144085,1.0,True,True
191,3,bounded,19.740659303867005,1.0,True,True
191,5,bounded,4.976311552025334,1.0,True,True
191,8,bounded,4.9763115520253365,1.0000000000000007,True,True
191,12,bounded,4.348316120657801,1.0000000000000508,True,True
192,2,bounded,40.892439555303625,1.0000000000000022,True,True
192,3,bounded,40.892439555303405,1.0,True,True
192,5,bounded,12.465987381752376,1.000000000000002,True,True
192,8,bounded,8.474368613580632,1.0013224392714102,False,True
192,12,bounded,8.474368613580664,1.0013224392714104,False,True
193,2,bounded,60.433805862440565,1.0,True,True
193,3,bounded,11.83458908971669,1.0000000000000118,True,True
193,5,bounded,9.44828767364923,1.000000000000025,True,True
193,8,bounded,7.652745920053684,1.000000000000013,True,True
193,12,bounded,3.4252154763583245,1.0000000000000207,True,True
194,2,bounded,242.2785630534687,1.0000000000000009,True,True
194,3,bounded,185.80649989631394,1.0000000000000013,True,True
194,5,bounded,22.38345301733044,1.0000000000000029,True,True
194,8,bounded,5.797464786739763,1.0169903760246324,False,True
194,12,bounded,4.01193026277904,1.0030333887603,False,True
195,2,bounded,17.428878641106134,1.0,True,True
195,3,bounded,8.75438004363816,1.0,True,True
195,5,bounded,8.7543800436384,1.0,True,True
195,8,bounded,5.44426981815427,1.0000000000000204,True,True
195,12,bounded,4.49560991565852,1.0,True,True
196,2,bounded,209.80897345316123,1.0000000000000004,True,True
196,3,bounded,15.034308568929488,1.0000000000000058,True,True
196,5,bounded,15.021767196707948,1.0000000000000058,True,True
196,8,bounded,10.61729962550304,1.0000000000000058,True,True
196,12,bounded,10.617299625503229,1.000000000000006,True,True
197,2,bounded,39.71221835224544,1.0,True,True
197,3,bounded,25.084893046505947,1.0,True,True
197,5,bounded,20.181353456247862,1.0000000000000056,True,True
197,8,bounded,18.414232034245835,1.0000000000000067,True,True
197,12,bounded,6.070806262939091,1.000000000000005,True,True
198,2,bounded,41.29092375148134,1.0,True,True
198,3,bounded,36.57758893227878,1.0000000000000007,True,True
198,5,bounded,24.012567701154964,1.0656830949955223,False,True
198,8,bounded,18.125878118717885,1.0093206785791466,False,True
198,12,bounded,9.770909498533104,1.0,True,True
199,2,bounded,24.27406904214781,1.0000000000000102,True,True
199,3,bounded,6.079816638393421,1.0000000000000155,True,True
199,5,bounded,3.179735794488163,1.0047827994914587,False,True
199,8,bounded,1.441456904890414,1.0047827994915466,False,True
199,12,bounded,1.4414569048903143,1.0047827994915561,False,True
