eps_deg,sample_idx,D_m,R_star_m,q
0.1,0,4.914257,2.457129,1.000000
0.1,1,2.335737,1.167869,1.000000
0.1,2,2.569156,1.284578,1.000000
0.1,3,1.767668,0.883834,1.000000
0.1,4,3.818580,1.909290,1.000000
0.1,5,2.173933,1.086966,1.000000
0.1,6,2.168949,1.084475,1.000000
0.1,7,5.706961,2.853480,1.000000
0.1,8,4.185671,2.115881,1.011012
0.1,9,4.729476,2.364738,1.000000
0.1,10,1.920686,0.960930,1.000611
0.1,11,1.771533,0.885767,1.000000
0.1,12,0.552913,0.276457,1.000000
0.1,13,2.291898,1.145949,1.000000
0.1,14,5.200287,2.600144,1.000000
0.1,15,4.039321,2.019661,1.000000
0.1,16,1.565219,0.782610,1.000000
0.1,17,2.021051,1.010526,1.000000
0.1,18,0.445200,0.222600,1.000000
0.1,19,0.755411,0.377705,1.000000
0.1,20,3.945840,1.972920,1.000000
0.1,21,4.814061,2.407030,1.000000
0.1,22,5.150895,2.586275,1.004204
0.1,23,3.274963,1.637508,1.000016
0.1,24,1.865846,0.932923,1.000000
0.1,25,2.231684,1.115842,1.000000
0.1,26,3.794260,1.897236,1.000056
0.1,27,1.124262,0.562131,1.000000
0.1,28,3.049459,1.524729,1.000000
0.1,29,2.403451,1.201726,1.000000
0.1,30,3.520585,1.760292,1.000000
0.1,31,3.226316,1.613158,1.000000
0.1,32,2.215692,1.109627,1.001608
0.1,33,0.497217,0.251703,1.012447
0.1,34,1.375670,0.687835,1.000000
0.1,35,1.310778,0.655655,1.000406
0.1,36,0.830788,0.415394,1.000000
0.1,37,3.492028,1.747767,1.001004
0.1,38,2.006282,1.003141,1.000000
0.1,39,1.528686,0.764343,1.000000
0.1,40,1.079501,0.539751,1.000000
0.1,41,3.076734,1.539312,1.000614
0.1,42,2.056401,1.028200,1.000000
0.1,43,6.616952,3.308476,1.000000
0.1,44,4.115010,2.057505,1.000000
0.1,45,1.129575,0.564787,1.000000
0.1,46,1.239250,0.619625,1.000000
0.1,47,4.168253,2.097154,1.006251
0.1,48,3.653391,1.826695,1.000000
0.1,49,0.746889,0.388540,1.040423
0.1,50,2.308582,1.154291,1.000000
0.1,51,3.098159,1.549079,1.000000
0.1,52,4.365186,2.182593,1.000000
0.1,53,3.723618,1.861809,1.000000
0.1,54,1.792825,0.896413,1.000000
0.1,55,1.252818,0.626409,1.000000
0.1,56,0.679967,0.357425,1.051301
0.1,57,1.624093,0.812046,1.000000
0.1,58,1.069299,0.534650,1.000000
0.1,59,6.001054,3.000527,1.000000
0.1,60,1.167187,0.583593,1.000000
0.1,61,1.421671,0.710947,1.000157
0.1,62,3.735231,1.875282,1.004105
0.1,63,0.290031,0.145015,1.000000
0.1,64,2.421405,1.210703,1.000000
0.1,65,1.286364,0.643182,1.000000
0.1,66,3.509380,1.754883,1.000110
0.1,67,1.202128,0.601064,1.000000
0.1,68,2.259865,1.129932,1.000000
0.1,69,1.294841,0.647421,1.000000
0.1,70,1.695378,0.847689,1.000000
0.1,71,0.537215,0.268608,1.000000
0.1,72,0.858107,0.429054,1.000000
0.1,73,2.481413,1.240706,1.000000
0.1,74,3.401972,1.700986,1.000000
0.1,75,1.395818,0.697909,1.000000
0.1,76,1.091256,0.549824,1.007690
0.1,77,0.757954,0.378977,1.000000
0.1,78,0.960228,0.484065,1.008230
0.1,79,5.580687,2.790343,1.000000
0.1,80,4.602923,2.301462,1.000000
0.1,81,4.744523,2.372261,1.000000
0.1,82,4.115204,2.057602,1.000000
0.1,83,3.263813,1.631906,1.000000
0.1,84,0.907128,0.453564,1.000000
0.1,85,2.137605,1.068803,1.000000
0.1,86,1.621664,0.810832,1.000000
0.1,87,4.154607,2.077304,1.000000
0.1,88,1.523745,0.761872,1.000000
0.1,89,2.759617,1.379808,1.000000
0.1,90,0.964478,0.482239,1.000000
0.1,91,0.710528,0.357037,1.004990
0.1,92,2.771449,1.385724,1.000000
0.1,93,1.934582,0.967291,1.000000
0.1,94,1.755832,0.877916,1.000000
0.1,95,1.515015,0.757508,1.000000
0.1,96,0.480977,0.240489,1.000000
0.1,97,0.696156,0.350138,1.005918
0.1,98,4.868135,2.434068,1.000000
0.1,99,1.917705,0.958852,1.000000
0.1,100,2.124355,1.074550,1.011648
0.1,101,1.816998,0.908499,1.000000
0.1,102,4.238081,2.125365,1.002984
0.1,103,1.589986,0.794993,1.000000
0.1,104,1.884246,0.942142,1.000020
0.1,105,0.524398,0.262199,1.000000
0.1,106,1.481187,0.740594,1.000000
0.1,107,2.100656,1.050328,1.000000
0.1,108,1.464393,0.732196,1.000000
0.1,109,3.720669,1.860335,1.000000
0.1,110,2.090023,1.045011,1.000000
0.1,111,3.006840,1.503420,1.000000
0.1,112,3.801513,1.920556,1.010417
0.1,113,5.409452,2.704726,1.000000
0.1,114,3.356114,1.678057,1.000000
0.1,115,0.868132,0.434066,1.000000
0.1,116,2.055297,1.027648,1.000000
0.1,117,4.896679,2.448339,1.000000
0.1,118,5.670457,2.835228,1.000000
0.1,119,2.136431,1.091862,1.022136
0.1,120,3.143637,1.571827,1.000005
0.1,121,3.085640,1.542820,1.000000
0.1,122,4.235081,2.117540,1.000000
0.1,123,0.803986,0.401993,1.000000
0.1,124,4.580312,2.290156,1.000000
0.1,125,4.084046,2.042023,1.000000
0.1,126,2.988697,1.494348,1.000000
0.1,127,1.906495,0.953248,1.000000
0.1,128,1.243981,0.621990,1.000000
0.1,129,1.890784,0.945392,1.000000
0.1,130,0.587547,0.293774,1.000000
0.1,131,1.354491,0.677246,1.000000
0.1,132,19.578439,9.789219,1.000000
0.1,133,0.282981,0.141490,1.000000
0.1,134,0.155296,0.077648,1.000000
0.1,135,5.788378,2.894189,1.000000
0.1,136,1.745349,0.872674,1.000000
0.1,137,3.820027,1.910014,1.000000
0.1,138,2.094195,1.048811,1.001636
0.1,139,0.918345,0.459173,1.000000
0.1,140,0.203548,0.101774,1.000000
0.1,141,4.029837,2.014919,1.000000
0.1,142,3.321568,1.660784,1.000000
0.1,143,0.541596,0.277423,1.024465
0.1,144,5.381102,2.690551,1.000000
0.1,145,1.687050,0.843525,1.000000
0.1,146,2.312297,1.156149,1.000000
0.1,147,2.993373,1.496687,1.000000
0.1,148,0.826523,0.421245,1.019319
0.1,149,4.321145,2.160572,1.000000
0.1,150,2.993215,1.496607,1.000000
0.1,151,0.912965,0.456483,1.000000
0.1,152,3.714135,1.857068,1.000000
0.1,153,1.383022,0.691511,1.000000
0.1,154,0.539644,0.270569,1.002769
0.1,155,3.412985,1.706493,1.000000
0.1,156,2.326742,1.163371,1.000000
0.1,157,3.951642,1.975821,1.000000
0.1,158,3.320808,1.665286,1.002940
0.1,159,1.509233,0.755724,1.001467
0.1,160,0.325092,0.162546,1.000000
0.1,161,0.773916,0.386958,1.000000
0.1,162,3.119291,1.559645,1.000000
0.1,163,1.807370,0.903685,1.000000
0.1,164,9.917445,4.958723,1.000000
0.1,165,1.478384,0.739192,1.000000
0.1,166,3.710518,1.855259,1.000000
0.1,167,2.418918,1.209459,1.000000
0.1,168,1.313618,0.656809,1.000000
0.1,169,5.255234,2.627617,1.000000
0.1,170,2.335255,1.167628,1.000000
0.1,171,2.758962,1.379481,1.000000
0.1,172,0.352587,0.176293,1.000000
0.1,173,1.843695,0.921848,1.000000
0.1,174,2.080797,1.040398,1.000000
0.1,175,1.141772,0.571580,1.001215
0.1,176,0.734584,0.367292,1.000000
0.1,177,2.578468,1.289261,1.000021
0.1,178,3.314155,1.657077,1.000000
0.1,179,1.153279,0.576639,1.000000
0.1,180,1.493650,0.746825,1.000000
0.1,181,0.835742,0.417871,1.000000
0.1,182,3.527230,1.763615,1.000000
0.1,183,1.198645,0.599322,1.000000
0.1,184,1.414118,0.707601,1.000766
0.1,185,3.588217,1.794108,1.000000
0.1,186,1.758926,0.879463,1.000000
0.1,187,5.646236,2.823118,1.000000
0.1,188,2.852174,1.426087,1.000000
0.1,189,6.381271,3.190636,1.000000
0.1,190,3.230295,1.645824,1.018993
0.1,191,1.190962,0.595481,1.000000
0.1,192,1.126082,0.563041,1.000000
0.1,193,0.557203,0.278602,1.000000
0.1,194,2.567160,1.283580,1.000000
0.1,195,1.975684,0.990320,1.002509
0.1,196,0.694308,0.347154,1.000000
0.1,197,1.792345,0.913390,1.019212
0.1,198,14.339521,7.169761,1.000000
0.1,199,2.696101,1.348050,1.000000
0.1,200,0.361619,0.180810,1.000000
0.1,201,2.369478,1.184739,1.000000
0.1,202,1.187992,0.593996,1.000000
0.1,203,1.131499,0.565750,1.000000
0.1,204,0.327921,0.163961,1.000000
0.1,205,1.860235,0.930118,1.000000
0.1,206,1.525796,0.762898,1.000000
0.1,207,3.754881,1.877440,1.000000
0.1,208,1.051488,0.525745,1.000002
0.1,209,3.080721,1.540360,1.000000
0.1,210,3.011886,1.505943,1.000000
0.1,211,1.521627,0.762319,1.001979
0.1,212,0.770365,0.385182,1.000000
0.1,213,0.930639,0.465319,1.000000
0.1,214,4.569763,2.284881,1.000000
0.1,215,1.867935,0.933968,1.000000
0.1,216,2.426169,1.213084,1.000000
0.1,217,3.034383,1.517192,1.000000
0.1,218,0.780013,0.390007,1.000000
0.1,219,1.774316,0.887158,1.000000
0.1,220,3.795224,1.897612,1.000000
0.1,221,3.126124,1.563062,1.000000
0.1,222,1.775353,0.887677,1.000000
0.1,223,2.386367,1.193882,1.000586
0.1,224,2.396679,1.297498,1.082746
0.1,225,1.437942,0.718971,1.000000
0.1,226,4.058629,2.029315,1.000000
0.1,227,0.929762,0.464881,1.000000
0.1,228,3.079919,1.539959,1.000000
0.1,229,1.278968,0.639484,1.000000
0.1,230,2.842138,1.421069,1.000000
0.1,231,1.173961,0.586980,1.000000
0.1,232,2.858512,1.429256,1.000000
0.1,233,4.544415,2.272207,1.000000
0.1,234,1.723903,0.861952,1.000000
0.1,235,1.536622,0.768311,1.000000
0.1,236,5.176799,2.588400,1.000000
0.1,237,1.644208,0.822104,1.000000
0.1,238,1.781108,0.907381,1.018895
0.1,239,5.355129,2.677564,1.000000
0.1,240,1.915716,0.957858,1.000000
0.1,241,1.551935,0.776022,1.000070
0.1,242,4.419907,2.209953,1.000000
0.1,243,3.552766,1.776383,1.000000
0.1,244,1.535510,0.779006,1.014655
0.1,245,2.013849,1.006924,1.000000
0.1,246,5.573751,2.786875,1.000000
0.1,247,4.588121,2.294061,1.000000
0.1,248,1.088815,0.544408,1.000000
0.1,249,0.471941,0.235970,1.000000
0.1,250,1.951577,0.975788,1.000000
0.1,251,2.076064,1.038032,1.000000
0.1,252,2.447367,1.224892,1.000988
0.1,253,0.715402,0.357701,1.000000
0.1,254,3.024664,1.512332,1.000000
0.1,255,3.339508,1.669754,1.000000
0.1,256,2.607287,1.303643,1.000000
0.1,257,1.239157,0.653682,1.055044
0.1,258,4.133449,2.066724,1.000000
0.1,259,1.594066,0.826689,1.037208
0.1,260,1.780381,0.936474,1.051993
0.1,261,1.029442,0.514721,1.000000
0.1,262,2.137510,1.068755,1.000000
0.1,263,3.590459,1.795229,1.000000
0.1,264,8.669766,4.334883,1.000000
0.1,265,2.344140,1.179683,1.006495
0.1,266,0.633594,0.316797,1.000000
0.1,267,3.016542,1.508271,1.000000
0.1,268,1.225989,0.612995,1.000000
0.1,269,2.009312,1.004656,1.000000
0.1,270,4.240016,2.120008,1.000000
0.1,271,2.770662,1.385331,1.000000
0.1,272,1.944209,0.972105,1.000000
0.1,273,1.542365,0.771183,1.000000
0.1,274,5.532066,2.766033,1.000000
0.1,275,5.853695,2.926848,1.000000
0.1,276,1.126601,0.563301,1.000000
0.1,277,5.316238,2.658119,1.000000
0.1,278,1.386004,0.693002,1.000000
0.1,279,3.134310,1.571176,1.002566
0.1,280,1.704517,0.852259,1.000000
0.1,281,0.679918,0.340612,1.001922
0.1,282,1.382846,0.691423,1.000000
0.1,283,2.272133,1.136066,1.000000
0.1,284,4.960932,2.480466,1.000000
0.1,285,0.656863,0.328431,1.000000
0.1,286,1.003815,0.505708,1.007571
0.1,287,2.555750,1.277875,1.000000
0.1,288,1.285941,0.721722,1.122481
0.1,289,2.786350,1.393175,1.000000
0.1,290,4.848200,2.424100,1.000000
0.1,291,2.447511,1.223755,1.000000
0.1,292,5.125114,2.562557,1.000000
0.1,293,6.105978,3.052989,1.000000
0.1,294,1.240240,0.620120,1.000000
0.1,295,1.419018,0.709509,1.000000
0.1,296,3.203567,1.601784,1.000000
0.1,297,1.325227,0.662614,1.000000
0.1,298,3.969746,1.984873,1.000000
0.1,299,1.466122,0.733061,1.000000
0.2,0,13.772059,6.886029,1.000000
0.2,1,18.193937,9.096968,1.000000
0.2,2,2.225248,1.113263,1.000574
0.2,3,4.199412,2.099706,1.000000
0.2,4,9.520473,4.760237,1.000000
0.2,5,6.613969,3.306985,1.000000
0.2,6,3.933075,1.966538,1.000000
0.2,7,1.732816,0.866408,1.000000
0.2,8,0.576534,0.288267,1.000000
0.2,9,4.785757,2.392878,1.000000
0.2,10,4.922611,2.461306,1.000000
0.2,11,0.304222,0.152111,1.000000
0.2,12,5.423378,2.711689,1.000000
0.2,13,8.822242,4.411121,1.000000
0.2,14,5.705958,2.852979,1.000000
0.2,15,3.684014,1.842007,1.000000
0.2,16,6.552799,3.276400,1.000000
0.2,17,4.756270,2.414972,1.015490
0.2,18,5.442906,2.721453,1.000000
0.2,19,9.536462,4.768231,1.000000
0.2,20,5.282840,2.641420,1.000000
0.2,21,5.242155,2.656217,1.013407
0.2,22,1.557169,0.778585,1.000000
0.2,23,0.813314,0.406657,1.000000
0.2,24,1.732731,0.866365,1.000000
0.2,25,4.929420,2.473364,1.003511
0.2,26,3.238717,1.619359,1.000000
0.2,27,12.580623,6.290311,1.000000
0.2,28,1.442895,0.721448,1.000000
0.2,29,1.982159,0.991080,1.000000
0.2,30,1.069942,0.534971,1.000001
0.2,31,4.781236,2.399675,1.003788
0.2,32,4.202551,2.101275,1.000000
0.2,33,85.082014,42.541007,1.000000
0.2,34,5.371750,2.685875,1.000000
0.2,35,6.343105,3.171553,1.000000
0.2,36,2.570455,1.285227,1.000000
0.2,37,2.980703,1.491714,1.000914
0.2,38,11.727162,5.863581,1.000000
0.2,39,0.644568,0.322284,1.000000
0.2,40,4.043895,2.021948,1.000000
0.2,41,5.177490,2.588745,1.000000
0.2,42,2.728970,1.364485,1.000000
0.2,43,1.758267,0.879134,1.000000
0.2,44,3.937096,2.008063,1.020073
0.2,45,13.498401,6.749201,1.000000
0.2,46,2.340068,1.170034,1.000000
0.2,47,8.318517,4.159259,1.000000
0.2,48,3.732096,1.866048,1.000000
0.2,49,10.156560,5.078280,1.000000
0.2,50,2.981719,1.490859,1.000000
0.2,51,2.837782,1.418891,1.000000
0.2,52,5.876846,2.938423,1.000000
0.2,53,3.457945,1.728972,1.000000
0.2,54,1.641964,0.820982,1.000000
0.2,55,1.159814,0.579907,1.000000
0.2,56,5.201904,2.600952,1.000000
0.2,57,3.673091,1.836545,1.000000
0.2,58,18.689498,9.344749,1.000000
0.2,59,6.001970,3.000985,1.000000
0.2,60,7.541165,3.787577,1.004507
0.2,61,0.872746,0.436373,1.000000
0.2,62,5.959847,2.979924,1.000000
0.2,63,1.362527,0.681264,1.000000
0.2,64,1.990701,0.995350,1.000000
0.2,65,11.097176,5.548588,1.000000
0.2,66,6.774520,3.389035,1.000524
0.2,67,0.498872,0.249566,1.000521
0.2,68,8.783397,4.391698,1.000000
0.2,69,0.852070,0.426035,1.000000
0.2,70,0.606642,0.303322,1.000002
0.2,71,3.322408,1.667933,1.004051
0.2,72,3.454171,1.727086,1.000000
0.2,73,1.598758,0.799379,1.000000
0.2,74,5.072627,2.536314,1.000000
0.2,75,3.598955,1.807519,1.004469
0.2,76,1.164193,0.582097,1.000000
0.2,77,5.148224,2.574112,1.000000
0.2,78,1.826976,0.913488,1.000000
0.2,79,7.610219,3.805110,1.000000
0.2,80,5.046676,2.526308,1.001177
0.2,81,6.007170,3.003585,1.000000
0.2,82,7.017619,3.508809,1.000000
0.2,83,3.039168,1.519584,1.000000
0.2,84,4.525638,2.262819,1.000000
0.2,85,3.660518,1.833898,1.001988
0.2,86,0.856778,0.428389,1.000000
0.2,87,5.481987,2.740994,1.000000
0.2,88,2.868498,1.434249,1.000000
0.2,89,7.927033,3.963516,1.000000
0.2,90,5.104898,2.558825,1.002498
0.2,91,5.578922,2.789461,1.000000
0.2,92,11.064431,5.532215,1.000000
0.2,93,5.970493,2.985249,1.000001
0.2,94,1.404380,0.702190,1.000000
0.2,95,5.086854,2.543427,1.000000
0.2,96,9.069690,4.534845,1.000000
0.2,97,5.192336,2.596168,1.000000
0.2,98,1.686164,0.843194,1.000132
0.2,99,9.980756,4.990378,1.000000
0.2,100,16.177109,8.088555,1.000000
0.2,101,2.566692,1.284585,1.000966
0.2,102,0.452257,0.226137,1.000039
0.2,103,8.372697,4.186349,1.000000
0.2,104,9.267423,4.633712,1.000000
0.2,105,11.139655,5.570203,1.000067
0.2,106,2.714790,1.357395,1.000000
0.2,107,11.145244,5.572622,1.000000
0.2,108,7.406299,3.703150,1.000000
0.2,109,33.311666,16.655833,1.000000
0.2,110,3.067235,1.708865,1.114271
0.2,111,9.089582,4.544791,1.000000
0.2,112,4.638435,2.320406,1.000513
0.2,113,6.423247,3.211624,1.000000
0.2,114,5.075871,2.537935,1.000000
0.2,115,2.728441,1.368058,1.002813
0.2,116,3.289604,1.644802,1.000000
0.2,117,1.949738,0.974869,1.000000
0.2,118,1.774463,0.887231,1.000000
0.2,119,5.181992,2.590996,1.000000
0.2,120,3.104222,1.552111,1.000000
0.2,121,6.444579,3.222290,1.000000
0.2,122,2.084024,1.042012,1.000000
0.2,123,3.327827,1.663913,1.000000
0.2,124,1.322584,0.661292,1.000000
0.2,125,3.677885,1.838943,1.000000
0.2,126,1.961428,0.980714,1.000000
0.2,127,1.026229,0.513115,1.000000
0.2,128,8.455487,4.227744,1.000000
0.2,129,2.262862,1.131431,1.000000
0.2,130,2.993850,1.496925,1.000000
0.2,131,8.083670,4.041835,1.000000
0.2,132,1.667369,0.833685,1.000000
0.2,133,3.933358,1.966679,1.000000
0.2,134,8.359056,4.179528,1.000000
0.2,135,3.467724,1.733862,1.000000
0.2,136,0.877790,0.438895,1.000000
0.2,137,5.560089,2.780044,1.000000
0.2,138,8.357950,4.178975,1.000000
0.2,139,3.737521,1.868761,1.000000
0.2,140,6.412235,3.206118,1.000000
0.2,141,2.425576,1.212788,1.000000
0.2,142,6.013945,3.006973,1.000000
0.2,143,3.165227,1.582613,1.000000
0.2,144,2.413614,1.206807,1.000000
0.2,145,3.636723,1.818361,1.000000
0.2,146,0.846953,0.423476,1.000000
0.2,147,4.875855,2.452206,1.005857
0.2,148,3.707363,1.853681,1.000000
0.2,149,2.843363,1.421681,1.000000
0.2,150,2.801493,1.400747,1.000000
0.2,151,3.960879,1.981077,1.000322
0.2,152,10.384161,5.192080,1.000000
0.2,153,0.829265,0.414632,1.000000
0.2,154,9.758380,4.879190,1.000000
0.2,155,5.293134,2.651852,1.001997
0.2,156,2.316420,1.158210,1.000000
0.2,157,1.489467,0.744733,1.000000
0.2,158,7.641325,3.820663,1.000000
0.2,159,2.048561,1.024281,1.000000
0.2,160,3.085823,1.542912,1.000000
0.2,161,1.505017,0.752508,1.000000
0.2,162,5.061656,2.538094,1.002871
0.2,163,0.522096,0.262603,1.005959
0.2,164,11.358709,5.679354,1.000000
0.2,165,3.087783,1.543892,1.000000
0.2,166,4.132840,2.066420,1.000000
0.2,167,8.913753,4.456876,1.000000
0.2,168,1.169002,0.584501,1.000000
0.2,169,2.824454,1.412227,1.000000
0.2,170,2.178532,1.117754,1.026153
0.2,171,0.995039,0.497519,1.000000
0.2,172,3.194783,1.598392,1.000627
0.2,173,7.004301,3.502151,1.000000
0.2,174,4.624267,2.312134,1.000000
0.2,175,4.071997,2.035999,1.000000
0.2,176,1.971096,0.985548,1.000000
0.2,177,4.300090,2.160786,1.004995
0.2,178,20.570401,10.285201,1.000000
0.2,179,2.415026,1.207513,1.000000
0.2,180,3.402483,1.701241,1.000000
0.2,181,1.569557,0.784778,1.000000
0.2,182,7.860963,3.930481,1.000000
0.2,183,5.622365,2.811183,1.000000
0.2,184,7.030846,3.515423,1.000000
0.2,185,10.954812,5.477406,1.000000
0.2,186,4.678325,2.339163,1.000000
0.2,187,1.569183,0.784591,1.000000
0.2,188,4.206187,2.103093,1.000000
0.2,189,1.866353,0.933176,1.000000
0.2,190,2.251671,1.125835,1.000000
0.2,191,4.976386,2.488193,1.000000
0.2,192,1.915580,0.957790,1.000000
0.2,193,9.467236,4.733618,1.000000
0.2,194,4.615471,2.307736,1.000000
0.2,195,1.519279,0.759639,1.000000
0.2,196,3.352091,1.676046,1.000000
0.2,197,2.156075,1.078038,1.000000
0.2,198,3.316310,1.658155,1.000000
0.2,199,2.854890,1.431611,1.002918
0.2,200,6.124972,3.076851,1.004691
0.2,201,6.879941,3.439970,1.000000
0.2,202,4.916387,2.458193,1.000000
0.2,203,3.675112,1.837556,1.000000
0.2,204,3.498478,1.749239,1.000000
0.2,205,4.223958,2.111979,1.000000
0.2,206,34.130391,17.065195,1.000000
0.2,207,4.897036,2.448518,1.000000
0.2,208,4.166084,2.083437,1.000189
0.2,209,5.483987,2.741994,1.000000
0.2,210,6.006408,3.003204,1.000000
0.2,211,2.367458,1.183729,1.000000
0.2,212,3.138615,1.569308,1.000000
0.2,213,1.844125,0.922063,1.000000
0.2,214,4.840376,2.420188,1.000000
0.2,215,3.114228,1.557114,1.000000
0.2,216,8.192899,4.096449,1.000000
0.2,217,4.632284,2.316142,1.000000
0.2,218,1.147267,0.573633,1.000000
0.2,219,5.253252,2.626626,1.000000
0.2,220,4.078235,2.039118,1.000000
0.2,221,3.907485,1.953742,1.000000
0.2,222,7.187269,3.593635,1.000000
0.2,223,3.957745,1.978872,1.000000
0.2,224,1.584481,0.793035,1.001003
0.2,225,5.372527,2.686263,1.000000
0.2,226,6.825226,3.412613,1.000000
0.2,227,5.689483,2.912096,1.023677
0.2,228,13.126040,6.563020,1.000000
0.2,229,1.782723,0.911310,1.022380
0.2,230,2.988461,1.494248,1.000012
0.2,231,4.439625,2.334080,1.051476
0.2,232,6.303970,3.152953,1.000307
0.2,233,3.152426,1.576213,1.000000
0.2,234,6.425319,3.212660,1.000000
0.2,235,10.485405,5.242702,1.000000
0.2,236,6.578334,3.289167,1.000000
0.2,237,2.301169,1.150585,1.000000
0.2,238,9.690546,4.846461,1.000245
0.2,239,3.070197,1.535098,1.000000
0.2,240,0.715616,0.357808,1.000000
0.2,241,8.179464,4.089732,1.000000
0.2,242,7.114970,3.557485,1.000000
0.2,243,4.233298,2.116649,1.000000
0.2,244,2.248126,1.124063,1.000000
0.2,245,4.044386,2.022193,1.000000
0.2,246,1.377359,0.688680,1.000000
0.2,247,1.769428,0.884714,1.000000
0.2,248,3.185853,1.635518,1.026738
0.2,249,4.432752,2.221931,1.002506
0.2,250,1.309046,0.655570,1.001600
0.2,251,1.536441,0.768220,1.000000
0.2,252,4.031362,2.015681,1.000000
0.2,253,0.698679,0.349340,1.000000
0.2,254,4.695783,2.347896,1.000002
0.2,255,3.176132,1.588066,1.000000
0.2,256,2.068289,1.039728,1.005399
0.2,257,2.958891,1.479445,1.000000
0.2,258,4.504944,2.252472,1.000000
0.2,259,10.291064,5.145532,1.000000
0.2,260,7.483700,3.741850,1.000000
0.2,261,10.774699,5.387350,1.000000
0.2,262,8.996299,4.498149,1.000000
0.2,263,7.933908,3.966954,1.000000
0.2,264,4.472458,2.236229,1.000000
0.2,265,3.101986,1.550993,1.000000
0.2,266,4.008467,2.004234,1.000000
0.2,267,6.686930,3.343465,1.000000
0.2,268,16.868478,8.434239,1.000000
0.2,269,1.956689,0.978345,1.000000
0.2,270,1.968738,0.984369,1.000000
0.2,271,1.195042,0.605085,1.012658
0.2,272,2.085040,1.052537,1.009608
0.2,273,2.503726,1.251863,1.000000
0.2,274,2.550977,1.275488,1.000000
0.2,275,6.270109,3.135054,1.000000
0.2,276,5.420359,2.710179,1.000000
0.2,277,3.353521,1.676761,1.000000
0.2,278,2.046073,1.044300,1.020785
0.2,279,5.674297,2.837148,1.000000
0.2,280,3.148890,1.585046,1.006733
0.2,281,6.909457,3.458873,1.001200
0.2,282,4.836045,2.418022,1.000000
0.2,283,1.178171,0.589086,1.000000
0.2,284,11.589772,5.794886,1.000000
0.2,285,1.530662,0.771451,1.007997
0.2,286,1.721551,0.860776,1.000000
0.2,287,25.047194,12.523597,1.000000
0.2,288,15.308946,7.654473,1.000000
0.2,289,4.128412,2.064206,1.000000
0.2,290,7.709985,3.854992,1.000000
0.2,291,4.142081,2.071040,1.000000
0.2,292,2.458329,1.229164,1.000000
0.2,293,9.851819,4.925910,1.000000
0.2,294,7.298839,3.649419,1.000000
0.2,295,3.174280,1.587140,1.000000
0.2,296,6.735756,3.367878,1.000000
0.2,297,5.236757,2.618379,1.000000
0.2,298,3.648196,1.824098,1.000000
0.2,299,2.176185,1.088093,1.000000
0.5,0,27.534161,13.767080,1.000000
0.5,1,19.911376,9.955688,1.000000
0.5,2,34.200658,17.100329,1.000000
0.5,3,14.910134,7.455067,1.000000
0.5,4,18.524710,9.262355,1.000000
0.5,5,14.772223,7.386111,1.000000
0.5,6,4.960529,2.480265,1.000000
0.5,7,3.091101,1.546251,1.000453
0.5,8,16.152697,8.076349,1.000000
0.5,9,16.675445,8.337723,1.000000
0.5,10,4.436390,2.282200,1.028854
0.5,11,3.407574,1.703787,1.000000
0.5,12,31.684407,15.842204,1.000000
0.5,13,14.902204,7.451102,1.000000
0.5,14,16.100491,8.068208,1.002231
0.5,15,7.877475,3.938737,1.000000
0.5,16,5.683881,2.841940,1.000000
0.5,17,23.154030,11.577015,1.000000
0.5,18,13.557742,6.778871,1.000000
0.5,19,7.280094,3.640047,1.000000
0.5,20,7.884716,3.942358,1.000000
0.5,21,14.093501,7.046751,1.000000
0.5,22,10.622001,5.311001,1.000000
0.5,23,9.853885,4.926943,1.000000
0.5,24,8.061605,4.030803,1.000000
0.5,25,16.618961,8.906472,1.071845
0.5,26,24.709008,12.354504,1.000000
0.5,27,4.402723,2.201362,1.000000
0.5,28,7.586183,3.793091,1.000000
0.5,29,3.651904,1.825952,1.000000
0.5,30,15.000725,7.500362,1.000000
0.5,31,17.083196,8.541598,1.000000
0.5,32,2.679333,1.339666,1.000000
0.5,33,11.066597,5.533299,1.000000
0.5,34,30.248511,15.124255,1.000000
0.5,35,22.674032,11.337016,1.000000
0.5,36,6.691717,3.345858,1.000000
0.5,37,13.753160,6.876580,1.000000
0.5,38,8.344059,4.172030,1.000000
0.5,39,7.680152,3.840076,1.000000
0.5,40,23.680595,11.840297,1.000000
0.5,41,3.025242,1.512621,1.000000
0.5,42,6.031670,3.015835,1.000000
0.5,43,3.335476,1.668998,1.000756
0.5,44,10.551895,5.275947,1.000000
0.5,45,19.260471,9.631500,1.000131
0.5,46,17.420074,8.710037,1.000000
0.5,47,5.652606,2.826303,1.000000
0.5,48,15.613582,7.806791,1.000000
0.5,49,13.909091,6.954545,1.000000
0.5,50,5.718377,2.859189,1.000000
0.5,51,8.432695,4.216347,1.000000
0.5,52,12.471229,6.235614,1.000000
0.5,53,5.117429,2.558714,1.000000
0.5,54,6.165895,3.082948,1.000000
0.5,55,8.922461,4.461231,1.000000
0.5,56,5.502357,2.751179,1.000000
0.5,57,6.738439,3.369220,1.000000
0.5,58,21.790556,10.895278,1.000000
0.5,59,13.914613,6.979941,1.003253
0.5,60,1.980265,0.990132,1.000000
0.5,61,14.647174,7.323587,1.000000
0.5,62,10.460620,5.230310,1.000000
0.5,63,16.611885,8.305943,1.000000
0.5,64,5.285571,2.709573,1.025272
0.5,65,29.743389,14.871694,1.000000
0.5,66,12.844514,6.422257,1.000000
0.5,67,9.313202,4.656601,1.000000
0.5,68,4.537311,2.268655,1.000000
0.5,69,9.001054,4.500527,1.000000
0.5,70,26.340350,13.170175,1.000000
0.5,71,18.236438,9.118219,1.000000
0.5,72,5.502572,2.751286,1.000000
0.5,73,13.936635,6.968318,1.000000
0.5,74,1.692521,0.846261,1.000000
0.5,75,12.370978,6.187643,1.000348
0.5,76,12.627996,6.348682,1.005493
0.5,77,19.081085,9.540543,1.000000
0.5,78,22.367980,11.190105,1.000547
0.5,79,20.341327,10.170664,1.000000
0.5,80,10.360087,5.180044,1.000000
0.5,81,5.416027,2.726112,1.006683
0.5,82,12.536240,6.337114,1.011007
0.5,83,19.876076,9.938038,1.000000
0.5,84,6.620572,3.310286,1.000000
0.5,85,10.797666,5.398833,1.000000
0.5,86,6.258778,3.129389,1.000000
0.5,87,2.151160,1.075580,1.000000
0.5,88,10.375139,5.187569,1.000000
0.5,89,16.579233,8.289617,1.000000
0.5,90,14.411250,7.205625,1.000000
0.5,91,11.967412,5.983706,1.000000
0.5,92,14.486838,7.243419,1.000000
0.5,93,28.478813,14.239407,1.000000
0.5,94,2.574661,1.287331,1.000000
0.5,95,5.040094,2.520047,1.000000
0.5,96,17.267418,8.633709,1.000000
0.5,97,6.861864,3.430932,1.000000
0.5,98,1.124706,0.562353,1.000000
0.5,99,11.066430,5.533215,1.000000
0.5,100,15.897730,7.948865,1.000000
0.5,101,13.926671,7.003348,1.005746
0.5,102,5.002016,2.620182,1.047650
0.5,103,6.231026,3.115513,1.000000
0.5,104,14.955656,7.477852,1.000003
0.5,105,3.534453,1.773975,1.003819
0.5,106,7.946619,4.039017,1.016537
0.5,107,21.091226,10.545613,1.000000
0.5,108,17.396274,8.698137,1.000000
0.5,109,26.559824,13.279912,1.000000
0.5,110,4.181918,2.090959,1.000000
0.5,111,66.167838,33.083919,1.000000
0.5,112,12.856573,6.439315,1.001716
0.5,113,12.198994,6.099497,1.000000
0.5,114,6.867675,3.433837,1.000000
0.5,115,8.229696,4.122826,1.001939
0.5,116,26.192234,13.096117,1.000000
0.5,117,9.241338,4.620669,1.000000
0.5,118,4.923439,2.461720,1.000000
0.5,119,9.375385,4.687693,1.000000
0.5,120,20.451372,10.225686,1.000000
0.5,121,10.093538,5.047150,1.000076
0.5,122,1.798056,0.899028,1.000000
0.5,123,13.064583,6.532292,1.000000
0.5,124,11.843848,5.921924,1.000000
0.5,125,16.378332,8.189166,1.000000
0.5,126,4.041935,2.020967,1.000000
0.5,127,16.532126,8.266063,1.000000
0.5,128,9.971771,4.985885,1.000000
0.5,129,18.872444,9.436222,1.000000
0.5,130,8.667495,4.333748,1.000000
0.5,131,3.307257,1.653629,1.000000
0.5,132,4.248539,2.124269,1.000000
0.5,133,10.074586,5.037293,1.000000
0.5,134,2.457704,1.228852,1.000000
0.5,135,1.714162,0.857081,1.000000
0.5,136,21.840732,10.920366,1.000000
0.5,137,1.011322,0.505661,1.000000
0.5,138,1.849445,0.924723,1.000000
0.5,139,35.670279,17.835139,1.000000
0.5,140,29.596645,14.798322,1.000000
0.5,141,8.161119,4.080559,1.000000
0.5,142,21.289239,10.649001,1.000412
0.5,143,4.637252,2.318626,1.000000
0.5,144,15.949597,7.974798,1.000000
0.5,145,16.421019,8.238649,1.003427
0.5,146,6.849671,3.424835,1.000000
0.5,147,20.481192,10.751818,1.049921
0.5,148,6.130212,3.065106,1.000000
0.5,149,6.447050,3.337373,1.035318
0.5,150,12.738874,6.369437,1.000000
0.5,151,20.227260,10.113630,1.000000
0.5,152,13.135977,6.578677,1.001627
0.5,153,22.345332,11.172666,1.000000
0.5,154,7.276609,3.638305,1.000000
0.5,155,14.359818,7.179909,1.000000
0.5,156,8.934901,4.467450,1.000000
0.5,157,13.086651,6.583270,1.006105
0.5,158,21.232233,10.616116,1.000000
0.5,159,14.671915,7.335957,1.000000
0.5,160,3.251321,1.625661,1.000000
0.5,161,25.805477,12.902738,1.000000
0.5,162,23.839701,11.919850,1.000000
0.5,163,13.047369,6.540838,1.002629
0.5,164,5.996035,2.998017,1.000000
0.5,165,22.221467,11.110734,1.000000
0.5,166,5.712238,3.153346,1.104067
0.5,167,10.550893,5.275447,1.000000
0.5,168,6.513230,3.256615,1.000000
0.5,169,49.583567,24.791783,1.000000
0.5,170,2.334729,1.181600,1.012194
0.5,171,20.584761,10.292380,1.000000
0.5,172,17.066571,8.533285,1.000000
0.5,173,12.003421,6.002396,1.000114
0.5,174,4.831599,2.415800,1.000000
0.5,175,7.783219,3.891610,1.000000
0.5,176,18.935786,9.467893,1.000000
0.5,177,12.946351,6.496863,1.003659
0.5,178,9.878546,4.939273,1.000000
0.5,179,33.168392,16.584196,1.000000
0.5,180,20.915226,10.457613,1.000000
0.5,181,5.390116,2.695058,1.000000
0.5,182,21.042206,10.521103,1.000000
0.5,183,6.136166,3.068083,1.000000
0.5,184,11.169670,5.584835,1.000000
0.5,185,7.390395,3.695198,1.000000
0.5,186,6.336139,3.168070,1.000000
0.5,187,1.786368,0.893184,1.000000
0.5,188,10.651817,5.325909,1.000000
0.5,189,4.805868,2.440411,1.015596
0.5,190,7.754490,3.877245,1.000000
0.5,191,8.191113,4.095557,1.000000
0.5,192,5.479579,2.739789,1.000000
0.5,193,23.011483,11.506263,1.000045
0.5,194,12.218977,6.109489,1.000000
0.5,195,7.239795,3.624200,1.001189
0.5,196,19.516818,9.758409,1.000000
0.5,197,16.240653,8.173319,1.006526
0.5,198,9.006445,4.503223,1.000000
0.5,199,16.925878,8.520967,1.006857
0.5,200,66.529968,33.264984,1.000000
0.5,201,4.742482,2.399511,1.011922
0.5,202,23.271251,11.635625,1.000000
0.5,203,9.274899,4.639801,1.000507
0.5,204,50.387004,25.193502,1.000000
0.5,205,8.335059,4.167530,1.000000
0.5,206,25.380825,12.690412,1.000000
0.5,207,20.944983,10.652279,1.017168
0.5,208,26.026296,13.013148,1.000000
0.5,209,1.228422,0.614211,1.000000
0.5,210,8.614277,4.362490,1.012851
0.5,211,6.419277,3.209639,1.000000
0.5,212,10.508271,5.254135,1.000000
0.5,213,6.279137,3.139569,1.000000
0.5,214,12.376611,6.188306,1.000000
0.5,215,6.582907,3.291454,1.000000
0.5,216,0.774471,0.387235,1.000000
0.5,217,8.552365,4.366539,1.021130
0.5,218,8.298149,4.154542,1.001318
0.5,219,2.197444,1.099436,1.000649
0.5,220,4.852591,2.426296,1.000000
0.5,221,2.534152,1.267076,1.000000
0.5,222,9.774929,4.887465,1.000000
0.5,223,4.439765,2.219882,1.000000
0.5,224,10.700567,5.350284,1.000000
0.5,225,2.079840,1.039920,1.000000
0.5,226,3.827468,1.937350,1.012340
0.5,227,7.477612,3.738806,1.000000
0.5,228,10.311535,5.155768,1.000000
0.5,229,1.370474,0.685237,1.000000
0.5,230,14.839300,7.419650,1.000000
0.5,231,16.611925,8.305962,1.000000
0.5,232,13.995337,6.997669,1.000000
0.5,233,3.872554,1.936277,1.000000
0.5,234,1.626987,0.813494,1.000000
0.5,235,3.860430,1.930215,1.000000
0.5,236,10.984081,5.492040,1.000000
0.5,237,37.017755,18.508877,1.000000
0.5,238,17.796988,8.898494,1.000000
0.5,239,17.277650,9.185343,1.063263
0.5,240,4.779062,2.439601,1.020954
0.5,241,9.704223,4.855601,1.000719
0.5,242,3.528698,1.764349,1.000000
0.5,243,17.027934,8.513967,1.000000
0.5,244,6.858224,3.429112,1.000000
0.5,245,12.790004,6.419790,1.003876
0.5,246,8.882896,4.441448,1.000000
0.5,247,6.798894,3.399447,1.000000
0.5,248,14.702963,7.351481,1.000000
0.5,249,14.186859,7.093429,1.000000
0.5,250,14.725253,7.362626,1.000000
0.5,251,9.082962,4.541481,1.000000
0.5,252,10.300909,5.150455,1.000000
0.5,253,11.897876,5.948938,1.000000
0.5,254,19.378638,9.689319,1.000000
0.5,255,1.241218,0.620609,1.000000
0.5,256,8.421973,4.210986,1.000000
0.5,257,6.483594,3.241797,1.000000
0.5,258,9.926656,4.963328,1.000000
0.5,259,8.426663,4.213331,1.000000
0.5,260,13.564879,6.782439,1.000000
0.5,261,4.248527,2.124264,1.000000
0.5,262,42.173761,21.086880,1.000000
0.5,263,23.648972,11.824486,1.000000
0.5,264,4.619460,2.309730,1.000000
0.5,265,6.036678,3.018339,1.000000
0.5,266,5.400646,2.700323,1.000000
0.5,267,5.412034,2.706017,1.000000
0.5,268,6.430642,3.245825,1.009487
0.5,269,22.538780,11.269390,1.000000
0.5,270,9.722099,4.861049,1.000000
0.5,271,17.776773,8.888387,1.000000
0.5,272,18.625638,9.312819,1.000000
0.5,273,102.563994,51.281997,1.000000
0.5,274,10.187896,5.093948,1.000000
0.5,275,13.059403,6.529701,1.000000
0.5,276,2.681019,1.341049,1.000402
0.5,277,10.385533,5.192767,1.000000
0.5,278,19.693742,9.846871,1.000000
0.5,279,10.326274,5.163137,1.000000
0.5,280,9.661034,4.830517,1.000000
0.5,281,11.420852,5.710426,1.000000
0.5,282,19.618173,9.809086,1.000000
0.5,283,13.449336,6.724668,1.000000
0.5,284,6.697381,3.348690,1.000000
0.5,285,12.555269,6.277634,1.000000
0.5,286,12.403776,6.201888,1.000000
0.5,287,19.594842,9.797421,1.000000
0.5,288,4.496626,2.260869,1.005585
0.5,289,1.658991,0.829496,1.000000
0.5,290,5.495992,2.747996,1.000000
0.5,291,7.177522,3.588761,1.000000
0.5,292,7.625091,3.812545,1.000000
0.5,293,2.209967,1.104984,1.000000
0.5,294,1.919003,0.980485,1.021869
0.5,295,4.911617,2.455808,1.000000
0.5,296,7.476442,3.738221,1.000000
0.5,297,18.680682,9.390929,1.005416
0.5,298,8.173948,4.086974,1.000000
0.5,299,5.090294,2.545147,1.000000
0.8,0,28.683044,14.341522,1.000000
0.8,1,19.248236,9.624118,1.000000
0.8,2,32.035935,16.017967,1.000000
0.8,3,10.844563,5.422282,1.000000
0.8,4,21.225886,10.612943,1.000000
0.8,5,14.507938,7.253969,1.000000
0.8,6,24.442532,12.221266,1.000000
0.8,7,18.009344,9.039030,1.003816
0.8,8,14.120877,7.078816,1.002603
0.8,9,19.937654,9.968827,1.000000
0.8,10,14.837190,7.418595,1.000000
0.8,11,25.432694,12.826485,1.008661
0.8,12,23.606129,11.803065,1.000000
0.8,13,50.194502,25.097251,1.000000
0.8,14,32.584996,16.292498,1.000000
0.8,15,16.148365,8.074183,1.000000
0.8,16,26.532921,13.379951,1.008555
0.8,17,23.465556,11.732778,1.000000
0.8,18,12.737349,6.368674,1.000000
0.8,19,17.637505,8.818753,1.000000
0.8,20,16.565246,8.282623,1.000000
0.8,21,14.411119,7.205559,1.000000
0.8,22,19.661423,9.830711,1.000000
0.8,23,11.450874,5.725437,1.000000
0.8,24,11.619756,5.809878,1.000000
0.8,25,36.437144,18.218572,1.000000
0.8,26,19.448200,9.724100,1.000000
0.8,27,15.325781,7.662890,1.000000
0.8,28,15.709930,7.854965,1.000000
0.8,29,27.494944,13.747472,1.000000
0.8,30,6.671407,3.335703,1.000000
0.8,31,35.315389,17.657695,1.000000
0.8,32,18.815579,9.407789,1.000000
0.8,33,22.071325,11.035663,1.000000
0.8,34,20.137228,10.068614,1.000000
0.8,35,8.166322,4.083161,1.000000
0.8,36,0.952369,0.476783,1.001256
0.8,37,41.981113,20.990556,1.000000
0.8,38,1.829241,0.914620,1.000000
0.8,39,13.488558,6.744279,1.000000
0.8,40,35.170667,17.585333,1.000000
0.8,41,4.668328,2.334164,1.000000
0.8,42,14.097206,7.048603,1.000000
0.8,43,21.413106,10.795505,1.008308
0.8,44,18.248464,9.124232,1.000000
0.8,45,14.656014,7.328007,1.000000
0.8,46,37.920165,18.960083,1.000000
0.8,47,13.278214,6.639107,1.000000
0.8,48,9.956668,4.978334,1.000000
0.8,49,12.735705,6.367853,1.000000
0.8,50,17.806417,8.904645,1.000161
0.8,51,5.094043,2.547022,1.000000
0.8,52,43.218928,21.609464,1.000000
0.8,53,18.173515,9.096311,1.001051
0.8,54,38.247037,19.194495,1.003711
0.8,55,3.379176,1.689588,1.000000
0.8,56,25.749334,13.013545,1.010787
0.8,57,42.738207,21.369104,1.000000
0.8,58,19.126084,9.563965,1.000097
0.8,59,31.964046,15.982023,1.000000
0.8,60,32.470748,16.235374,1.000000
0.8,61,20.106545,10.053273,1.000000
0.8,62,20.122692,10.061346,1.000000
0.8,63,49.066246,24.533123,1.000000
0.8,64,10.840416,5.518033,1.018048
0.8,65,32.328222,16.164111,1.000000
0.8,66,7.603156,3.840320,1.010191
0.8,67,4.221957,2.110978,1.000000
0.8,68,72.803740,36.401870,1.000000
0.8,69,29.699222,14.849611,1.000000
0.8,70,9.755623,4.879346,1.000315
0.8,71,63.021219,31.510610,1.000000
0.8,72,10.652396,5.326198,1.000000
0.8,73,25.830057,12.915028,1.000000
0.8,74,33.500617,16.750308,1.000000
0.8,75,27.272075,13.636037,1.000000
0.8,76,13.335557,6.678515,1.001610
0.8,77,18.193534,9.096767,1.000000
0.8,78,51.015760,25.507880,1.000000
0.8,79,13.262945,6.635371,1.000588
0.8,80,11.535432,5.810891,1.007486
0.8,81,24.552580,12.276290,1.000000
0.8,82,20.596151,10.298075,1.000000
0.8,83,7.421997,3.710999,1.000000
0.8,84,22.989951,11.494975,1.000000
0.8,85,1.231125,0.615562,1.000000
0.8,86,12.154207,6.138138,1.010043
0.8,87,14.217192,7.108596,1.000000
0.8,88,6.925339,3.462669,1.000000
0.8,89,10.398391,5.199195,1.000000
0.8,90,7.466385,3.733236,1.000012
0.8,91,10.015044,5.007522,1.000000
0.8,92,21.790017,10.895008,1.000000
0.8,93,26.950107,13.475054,1.000000
0.8,94,27.303380,13.679949,1.002070
0.8,95,29.814284,14.907142,1.000000
0.8,96,28.526089,14.263045,1.000000
0.8,97,41.519240,20.759620,1.000000
0.8,98,10.360246,5.205605,1.004919
0.8,99,14.034238,7.017119,1.000000
0.8,100,14.567159,7.283579,1.000000
0.8,101,38.978473,19.489237,1.000000
0.8,102,24.232412,12.116206,1.000000
0.8,103,13.300964,6.655389,1.000738
0.8,104,23.435644,11.717822,1.000000
0.8,105,8.135286,4.067643,1.000000
0.8,106,27.175108,14.203511,1.045332
0.8,107,6.203091,3.101545,1.000000
0.8,108,20.580480,10.290240,1.000000
0.8,109,40.200076,20.100503,1.000023
0.8,110,15.063031,7.531516,1.000000
0.8,111,14.339375,7.172742,1.000426
0.8,112,24.558008,12.279004,1.000000
0.8,113,13.866233,6.943930,1.001560
0.8,114,19.297931,9.648965,1.000000
0.8,115,40.591467,20.295733,1.000000
0.8,116,22.709679,11.354840,1.000000
0.8,117,12.325158,6.199942,1.006063
0.8,118,19.492134,9.746067,1.000000
0.8,119,41.332974,20.666487,1.000000
0.8,120,9.245261,4.622631,1.000000
0.8,121,39.794021,19.897010,1.000000
0.8,122,10.153270,5.076635,1.000000
0.8,123,10.972856,5.486428,1.000000
0.8,124,17.912805,8.956402,1.000000
0.8,125,30.499297,15.249648,1.000000
0.8,126,42.554476,21.277238,1.000000
0.8,127,17.111494,8.599992,1.005171
0.8,128,36.850838,18.425419,1.000000
0.8,129,9.699211,4.849606,1.000000
0.8,130,42.218388,21.109194,1.000000
0.8,131,24.696610,12.348305,1.000000
0.8,132,12.424333,6.212167,1.000000
0.8,133,9.406910,4.703455,1.000000
0.8,134,6.044327,3.035923,1.004553
0.8,135,62.534710,31.267355,1.000000
0.8,136,31.062724,15.531362,1.000000
0.8,137,14.787480,7.393740,1.000000
0.8,138,11.052893,5.526447,1.000000
0.8,139,8.325233,4.162616,1.000000
0.8,140,27.984803,13.992401,1.000000
0.8,141,10.342398,5.171199,1.000000
0.8,142,62.741960,31.370980,1.000000
0.8,143,4.541763,2.270882,1.000000
0.8,144,5.523104,3.043168,1.101978
0.8,145,7.724843,4.140383,1.071966
0.8,146,28.422221,14.352639,1.009959
0.8,147,27.616596,13.808298,1.000000
0.8,148,16.033376,8.016688,1.000000
0.8,149,17.255115,8.627558,1.000000
0.8,150,25.024695,12.752219,1.019171
0.8,151,7.881877,3.986043,1.011445
0.8,152,17.176654,8.588327,1.000000
0.8,153,7.171071,3.585535,1.000000
0.8,154,20.293231,10.146615,1.000000
0.8,155,14.021655,7.010827,1.000000
0.8,156,2.504636,1.252318,1.000000
0.8,157,3.680615,1.941799,1.055149
0.8,158,10.144345,5.072173,1.000000
0.8,159,18.877225,9.476467,1.004011
0.8,160,11.195574,5.597787,1.000000
0.8,161,18.626156,9.313078,1.000000
0.8,162,47.875123,23.937561,1.000000
0.8,163,57.897711,28.948855,1.000000
0.8,164,17.214001,8.607001,1.000000
0.8,165,10.471975,5.235987,1.000000
0.8,166,10.166541,5.083271,1.000000
0.8,167,81.346637,40.673319,1.000000
0.8,168,10.606883,5.303442,1.000000
0.8,169,18.248522,9.124261,1.000000
0.8,170,4.951771,2.476054,1.000068
0.8,171,18.995824,9.497912,1.000000
0.8,172,13.820382,6.910191,1.000000
0.8,173,25.868453,12.934227,1.000000
0.8,174,7.563031,3.781516,1.000000
0.8,175,14.174895,7.087447,1.000000
0.8,176,13.347615,6.673807,1.000000
0.8,177,46.506127,23.253063,1.000000
0.8,178,19.521994,9.760997,1.000000
0.8,179,13.805953,6.902976,1.000000
0.8,180,27.176889,13.588444,1.000000
0.8,181,14.875444,7.437722,1.000000
0.8,182,5.162108,2.581054,1.000000
0.8,183,3.692043,1.943497,1.052803
0.8,184,11.493647,5.746824,1.000000
0.8,185,24.906319,12.453159,1.000000
0.8,186,14.325777,7.162889,1.000000
0.8,187,7.428519,3.714260,1.000000
0.8,188,23.564804,11.782402,1.000000
0.8,189,24.565475,12.282738,1.000000
0.8,190,29.460970,14.730485,1.000000
0.8,191,12.120664,6.060332,1.000000
0.8,192,30.146634,15.073317,1.000000
0.8,193,11.614192,5.807096,1.000000
0.8,194,32.038751,16.019376,1.000000
0.8,195,11.616778,5.808389,1.000000
0.8,196,8.562833,4.284057,1.000617
0.8,197,6.890714,3.445357,1.000000
0.8,198,7.556896,3.778448,1.000000
0.8,199,12.893934,6.446967,1.000000
0.8,200,31.402938,15.701469,1.000000
0.8,201,22.633968,11.316984,1.000000
0.8,202,8.111626,4.056485,1.000166
0.8,203,8.910957,4.455479,1.000000
0.8,204,9.882334,4.941167,1.000000
0.8,205,16.176427,8.315016,1.028041
0.8,206,19.735474,9.867737,1.000000
0.8,207,15.715050,7.871384,1.001764
0.8,208,6.461370,3.230685,1.000000
0.8,209,12.945195,6.484527,1.001843
0.8,210,29.415523,14.708731,1.000066
0.8,211,17.348923,8.674461,1.000000
0.8,212,10.749804,5.550480,1.032666
0.8,213,40.229718,20.114859,1.000000
0.8,214,2.493781,1.248491,1.001284
0.8,215,12.991714,6.502319,1.000995
0.8,216,20.496466,10.273593,1.002475
0.8,217,20.069107,10.034554,1.000000
0.8,218,27.470290,13.735145,1.000000
0.8,219,49.825553,24.912776,1.000000
0.8,220,6.932372,3.466186,1.000000
0.8,221,9.844884,4.922442,1.000000
0.8,222,8.897349,4.474136,1.005723
0.8,223,9.687521,4.843760,1.000000
0.8,224,8.092585,4.046292,1.000000
0.8,225,11.414363,5.707181,1.000000
0.8,226,11.767572,5.883786,1.000000
0.8,227,28.216639,14.108320,1.000000
0.8,228,44.021537,22.010768,1.000000
0.8,229,21.000828,10.500414,1.000000
0.8,230,14.297238,7.148619,1.000000
0.8,231,14.439273,7.219636,1.000000
0.8,232,15.369909,7.684955,1.000000
0.8,233,15.984933,7.992466,1.000000
0.8,234,14.658583,7.329291,1.000000
0.8,235,16.506979,8.253490,1.000000
0.8,236,24.686010,12.349345,1.000514
0.8,237,10.883269,5.441635,1.000000
0.8,238,15.005199,7.502599,1.000000
0.8,239,4.116353,2.058176,1.000000
0.8,240,27.078637,13.539318,1.000000
0.8,241,23.161855,11.580927,1.000000
0.8,242,34.370846,17.185423,1.000000
0.8,243,6.467426,3.233713,1.000000
0.8,244,33.866644,16.933322,1.000000
0.8,245,11.261007,5.630503,1.000000
0.8,246,21.048726,10.524363,1.000000
0.8,247,5.596575,2.801882,1.001285
0.8,248,3.528576,1.764288,1.000000
0.8,249,15.944727,7.972363,1.000000
0.8,250,32.907477,16.453738,1.000000
0.8,251,45.638887,22.819444,1.000000
0.8,252,16.861139,8.430570,1.000000
0.8,253,24.374677,12.187338,1.000000
0.8,254,15.592903,7.796451,1.000000
0.8,255,32.113798,16.056899,1.000000
0.8,256,14.246265,7.127562,1.000622
0.8,257,32.098602,16.049301,1.000000
0.8,258,3.765047,1.882524,1.000000
0.8,259,22.995161,11.497580,1.000000
0.8,260,5.930151,2.965076,1.000000
0.8,261,16.233310,8.116655,1.000000
0.8,262,22.804792,11.402396,1.000000
0.8,263,14.330717,7.224334,1.008231
0.8,264,14.807717,7.482342,1.010600
0.8,265,24.605136,12.302568,1.000000
0.8,266,47.182533,23.591266,1.000000
0.8,267,16.760803,8.380402,1.000000
0.8,268,59.766077,29.883038,1.000000
0.8,269,15.597582,7.798791,1.000000
0.8,270,27.040290,13.520145,1.000000
0.8,271,28.816168,14.408084,1.000000
0.8,272,31.574750,15.787375,1.000000
0.8,273,8.345966,4.172983,1.000000
0.8,274,9.013844,4.506922,1.000000
0.8,275,24.015490,12.007745,1.000000
0.8,276,11.514346,5.757173,1.000000
0.8,277,25.375010,12.687505,1.000000
0.8,278,2.759270,1.379635,1.000000
0.8,279,3.886599,2.059539,1.059816
0.8,280,11.197203,5.598602,1.000000
0.8,281,20.351391,10.429125,1.024905
0.8,282,5.555957,2.777979,1.000000
0.8,283,19.672839,9.836419,1.000000
0.8,284,20.812043,10.406021,1.000000
0.8,285,15.384204,7.692102,1.000000
0.8,286,16.243141,8.125244,1.000452
0.8,287,11.885599,5.942800,1.000000
0.8,288,4.098570,2.049285,1.000000
0.8,289,26.776872,13.388436,1.000000
0.8,290,37.242006,18.621003,1.000000
0.8,291,5.439567,2.719784,1.000000
0.8,292,23.416003,11.708002,1.000000
0.8,293,21.753947,10.876974,1.000000
0.8,294,15.226947,7.613474,1.000000
0.8,295,45.680684,22.840342,1.000000
0.8,296,9.798584,4.899292,1.000000
0.8,297,11.898295,5.949147,1.000000
0.8,298,10.487972,5.243986,1.000000
0.8,299,24.123404,12.061702,1.000000
1.0,0,18.407417,9.203709,1.000000
1.0,1,37.343200,18.671600,1.000000
1.0,2,28.787651,14.394487,1.000046
1.0,3,36.089205,18.044602,1.000000
1.0,4,49.386218,24.693109,1.000000
1.0,5,16.838942,8.419471,1.000000
1.0,6,32.165221,16.082611,1.000000
1.0,7,29.093418,14.546709,1.000000
1.0,8,20.238628,10.119314,1.000000
1.0,9,2.799983,1.424804,1.017723
1.0,10,36.094644,18.047322,1.000000
1.0,11,6.015791,3.007895,1.000000
1.0,12,49.960749,24.980374,1.000000
1.0,13,47.992687,23.999109,1.000115
1.0,14,2.825455,1.528322,1.081824
1.0,15,22.288515,11.144258,1.000000
1.0,16,35.701636,17.882774,1.001790
1.0,17,13.365315,6.724039,1.006192
1.0,18,30.746354,15.373177,1.000000
1.0,19,17.221234,8.610617,1.000000
1.0,20,68.694888,34.347444,1.000000
1.0,21,53.286059,26.643029,1.000000
1.0,22,32.413079,16.206539,1.000000
1.0,23,7.464413,3.732207,1.000000
1.0,24,12.136946,6.077376,1.001467
1.0,25,20.245549,10.635240,1.050625
1.0,26,34.898672,17.449336,1.000000
1.0,27,4.680216,2.340108,1.000000
1.0,28,68.343687,34.171844,1.000000
1.0,29,49.244579,24.622290,1.000000
1.0,30,54.986850,27.493425,1.000000
1.0,31,32.287288,16.143644,1.000000
1.0,32,21.730355,10.865178,1.000000
1.0,33,19.759083,9.879541,1.000000
1.0,34,24.770467,12.385233,1.000000
1.0,35,27.086107,13.543054,1.000000
1.0,36,0.828173,0.414087,1.000000
1.0,37,53.361102,26.680551,1.000000
1.0,38,32.013301,16.006650,1.000000
1.0,39,6.387530,3.193765,1.000000
1.0,40,39.389430,19.694715,1.000000
1.0,41,23.634865,11.817433,1.000000
1.0,42,11.163387,5.581694,1.000000
1.0,43,18.922080,9.461040,1.000000
1.0,44,12.642944,6.324370,1.000458
1.0,45,19.957348,9.978674,1.000000
1.0,46,7.463665,3.733410,1.000423
1.0,47,15.705834,7.852917,1.000000
1.0,48,25.786607,12.893304,1.000000
1.0,49,20.839024,10.420084,1.000055
1.0,50,12.938090,6.469045,1.000000
1.0,51,19.744055,9.872028,1.000000
1.0,52,54.156099,27.078050,1.000000
1.0,53,32.560914,16.280457,1.000000
1.0,54,16.548455,8.280507,1.000759
1.0,55,14.570853,7.310069,1.003382
1.0,56,6.421402,3.210701,1.000000
1.0,57,24.751416,12.375708,1.000000
1.0,58,34.395245,17.197623,1.000000
1.0,59,9.213412,4.606706,1.000000
1.0,60,19.892385,9.946192,1.000000
1.0,61,3.627586,1.813793,1.000000
1.0,62,19.057142,9.528571,1.000000
1.0,63,42.297414,21.148707,1.000000
1.0,64,16.242542,8.121271,1.000000
1.0,65,51.680722,25.840361,1.000000
1.0,66,50.370874,25.185437,1.000000
1.0,67,45.330581,22.665290,1.000000
1.0,68,26.743187,13.371594,1.000000
1.0,69,51.915329,25.957665,1.000000
1.0,70,35.611310,17.805655,1.000000
1.0,71,10.363112,5.181556,1.000000
1.0,72,2.661393,1.330696,1.000000
1.0,73,46.311211,23.155605,1.000000
1.0,74,28.389994,14.194997,1.000000
1.0,75,10.170846,5.085423,1.000000
1.0,76,40.271132,20.135566,1.000000
1.0,77,37.861679,18.930839,1.000000
1.0,78,25.327697,13.003324,1.026807
1.0,79,48.544262,24.272131,1.000000
1.0,80,5.493422,2.746711,1.000000
1.0,81,13.232014,6.625856,1.001489
1.0,82,15.685818,7.842909,1.000000
1.0,83,64.899984,32.449992,1.000000
1.0,84,12.807709,6.403855,1.000000
1.0,85,24.682533,12.378082,1.002983
1.0,86,26.425396,13.212698,1.000000
1.0,87,10.749110,5.374555,1.000000
1.0,88,20.879608,10.439804,1.000000
1.0,89,26.103619,13.051809,1.000000
1.0,90,64.984208,32.492104,1.000000
1.0,91,21.646160,11.351841,1.048855
1.0,92,4.607642,2.303821,1.000000
1.0,93,31.459157,15.729579,1.000000
1.0,94,46.443957,23.221979,1.000000
1.0,95,36.294676,18.282748,1.007462
1.0,96,41.572613,20.788013,1.000082
1.0,97,33.712573,16.856286,1.000000
1.0,98,16.404051,8.202026,1.000000
1.0,99,18.773569,9.386784,1.000000
1.0,100,20.807065,10.403532,1.000000
1.0,101,44.606865,22.303433,1.000000
1.0,102,12.788269,6.394135,1.000000
1.0,103,22.512856,11.256428,1.000000
1.0,104,6.648862,3.324431,1.000000
1.0,105,13.291761,6.645880,1.000000
1.0,106,40.850924,20.425462,1.000000
1.0,107,26.151915,13.075957,1.000000
1.0,108,19.779312,9.889656,1.000000
1.0,109,17.675192,8.837596,1.000000
1.0,110,33.504124,16.752062,1.000000
1.0,111,54.279742,27.139871,1.000000
1.0,112,9.396658,4.698329,1.000000
1.0,113,11.903087,5.951544,1.000000
1.0,114,20.236108,10.118054,1.000000
1.0,115,7.331605,3.665803,1.000000
1.0,116,13.148548,6.574274,1.000000
1.0,117,42.399347,21.199673,1.000000
1.0,118,31.131989,15.565994,1.000000
1.0,119,11.601958,5.800979,1.000000
1.0,120,18.383184,9.191592,1.000000
1.0,121,36.422646,18.211323,1.000000
1.0,122,25.144918,12.572459,1.000000
1.0,123,32.640477,16.320239,1.000000
1.0,124,25.371548,12.685774,1.000000
1.0,125,21.693151,10.846575,1.000000
1.0,126,7.577547,3.788773,1.000000
1.0,127,10.205921,5.102960,1.000000
1.0,128,16.952845,8.476422,1.000000
1.0,129,15.869837,7.934919,1.000000
1.0,130,14.749360,7.374680,1.000000
1.0,131,26.620203,13.588926,1.020948
1.0,132,12.659185,6.452060,1.019348
1.0,133,21.413535,10.706767,1.000000
1.0,134,17.646399,8.823199,1.000000
1.0,135,13.295871,6.647936,1.000000
1.0,136,30.210233,15.105116,1.000000
1.0,137,31.069787,15.534894,1.000000
1.0,138,15.074542,7.537271,1.000000
1.0,139,4.310722,2.155361,1.000000
1.0,140,11.034393,5.517197,1.000000
1.0,141,36.057889,18.028945,1.000000
1.0,142,10.542141,5.271551,1.000091
1.0,143,14.331627,7.165813,1.000000
1.0,144,47.584688,23.792344,1.000000
1.0,145,38.363245,19.181623,1.000000
1.0,146,38.971593,19.485796,1.000000
1.0,147,48.431015,24.215507,1.000000
1.0,148,10.814040,5.407020,1.000000
1.0,149,14.569179,7.284589,1.000000
1.0,150,29.359796,14.679898,1.000000
1.0,151,9.119373,4.559687,1.000000
1.0,152,15.716235,7.858118,1.000000
1.0,153,47.906912,23.953456,1.000000
1.0,154,1.481298,0.740649,1.000000
1.0,155,28.970936,14.512247,1.001849
1.0,156,34.570487,17.513345,1.013196
1.0,157,28.085406,14.042703,1.000000
1.0,158,13.998751,7.000144,1.000110
1.0,159,20.263591,10.131796,1.000000
1.0,160,32.068063,16.619111,1.036490
1.0,161,23.087367,11.543684,1.000000
1.0,162,12.885999,6.443000,1.000000
1.0,163,14.260169,7.130084,1.000000
1.0,164,8.267019,4.145552,1.002913
1.0,165,13.530304,6.765152,1.000000
1.0,166,37.483567,18.741783,1.000000
1.0,167,14.114263,7.057131,1.000000
1.0,168,76.706776,38.353388,1.000000
1.0,169,83.100726,41.550363,1.000000
1.0,170,4.859905,2.429952,1.000000
1.0,171,25.055072,12.527536,1.000000
1.0,172,22.301082,11.150541,1.000000
1.0,173,12.421136,6.210568,1.000000
1.0,174,7.060558,3.530279,1.000000
1.0,175,39.040780,19.520390,1.000000
1.0,176,17.128869,8.564434,1.000000
1.0,177,30.695786,15.489644,1.009236
1.0,178,32.473098,16.236549,1.000000
1.0,179,41.306261,20.653130,1.000000
1.0,180,9.758708,4.879354,1.000000
1.0,181,14.262718,7.131359,1.000000
1.0,182,7.468227,3.734113,1.000000
1.0,183,63.256027,31.628014,1.000000
1.0,184,15.277030,7.638515,1.000000
1.0,185,12.214379,6.107190,1.000000
1.0,186,27.300619,13.708870,1.004290
1.0,187,11.582185,5.791092,1.000000
1.0,188,30.718765,15.395546,1.002354
1.0,189,6.894839,3.447420,1.000000
1.0,190,42.174079,21.087039,1.000000
1.0,191,24.258230,12.129115,1.000000
1.0,192,14.378736,7.189368,1.000000
1.0,193,47.081144,23.540572,1.000000
1.0,194,18.305855,9.152928,1.000000
1.0,195,23.688015,11.844008,1.000000
1.0,196,29.339255,14.669628,1.000000
1.0,197,24.004058,12.002029,1.000000
1.0,198,37.053280,18.526640,1.000000
1.0,199,65.565394,32.782697,1.000000
1.0,200,28.985519,14.492760,1.000000
1.0,201,5.679700,2.839850,1.000000
1.0,202,54.180991,27.090495,1.000000
1.0,203,43.643973,21.821987,1.000000
1.0,204,40.058451,20.029226,1.000000
1.0,205,16.973750,8.486875,1.000000
1.0,206,32.610641,16.315372,1.000616
1.0,207,9.356188,4.678094,1.000000
1.0,208,10.083348,5.041674,1.000000
1.0,209,7.969327,3.984663,1.000000
1.0,210,39.181349,19.590675,1.000000
1.0,211,13.637637,6.818818,1.000000
1.0,212,13.754863,6.877431,1.000000
1.0,213,46.903555,23.451777,1.000000
1.0,214,8.045986,4.022993,1.000000
1.0,215,11.099179,5.549590,1.000000
1.0,216,28.470130,14.235065,1.000000
1.0,217,28.271069,14.135534,1.000000
1.0,218,34.911260,17.455630,1.000000
1.0,219,38.999033,19.499516,1.000000
1.0,220,20.639826,10.319913,1.000000
1.0,221,9.969885,4.984942,1.000000
1.0,222,14.306953,7.622562,1.065574
1.0,223,11.551361,5.775681,1.000000
1.0,224,13.626403,6.813202,1.000000
1.0,225,31.362876,15.681438,1.000000
1.0,226,32.975142,16.487571,1.000000
1.0,227,5.124912,2.562456,1.000000
1.0,228,35.774292,17.887146,1.000000
1.0,229,54.087280,27.043640,1.000000
1.0,230,39.304299,19.652149,1.000000
1.0,231,47.528175,23.801830,1.001588
1.0,232,51.027337,25.513668,1.000000
1.0,233,11.804724,5.902362,1.000000
1.0,234,12.585948,6.292974,1.000000
1.0,235,25.265390,12.632695,1.000000
1.0,236,24.159781,12.079891,1.000000
1.0,237,37.010166,18.505083,1.000000
1.0,238,63.853732,31.926866,1.000000
1.0,239,26.412935,13.206467,1.000000
1.0,240,38.640001,19.320001,1.000000
1.0,241,19.583452,9.791726,1.000000
1.0,242,28.501218,14.250609,1.000000
1.0,243,10.716886,5.358443,1.000000
1.0,244,15.577319,7.788659,1.000000
1.0,245,20.538880,10.269440,1.000000
1.0,246,59.056427,29.528213,1.000000
1.0,247,6.058102,3.029051,1.000000
1.0,248,22.968579,11.484289,1.000000
1.0,249,30.297390,15.494291,1.022814
1.0,250,13.397393,6.698696,1.000000
1.0,251,59.920838,29.960419,1.000000
1.0,252,39.550137,19.775670,1.000030
1.0,253,21.559197,10.779598,1.000000
1.0,254,23.107611,11.553806,1.000000
1.0,255,26.814161,13.407080,1.000000
1.0,256,36.725091,18.362545,1.000000
1.0,257,17.938102,8.969051,1.000000
1.0,258,15.858931,7.929466,1.000000
1.0,259,32.176942,16.088471,1.000000
1.0,260,7.786588,3.893294,1.000000
1.0,261,6.272260,3.178546,1.013525
1.0,262,8.107271,4.053635,1.000000
1.0,263,22.306779,11.153389,1.000000
1.0,264,39.641267,19.820633,1.000000
1.0,265,11.345068,5.676769,1.000747
1.0,266,28.083064,14.041532,1.000000
1.0,267,48.711313,24.355656,1.000000
1.0,268,17.944101,8.972050,1.000000
1.0,269,14.335858,7.167929,1.000000
1.0,270,32.206573,16.103286,1.000000
1.0,271,45.935300,22.967650,1.000000
1.0,272,36.403445,18.201723,1.000000
1.0,273,22.818525,11.414085,1.000423
1.0,274,7.891236,3.945618,1.000000
1.0,275,14.673396,7.336698,1.000000
1.0,276,8.791750,4.396920,1.000238
1.0,277,5.767422,2.883717,1.000002
1.0,278,56.332489,28.166244,1.000000
1.0,279,22.093090,11.497816,1.040852
1.0,280,23.507598,12.485213,1.062228
1.0,281,34.300214,17.150107,1.000000
1.0,282,19.104545,9.594361,1.004406
1.0,283,12.722267,6.361134,1.000000
1.0,284,22.884419,11.442209,1.000000
1.0,285,44.434485,22.217243,1.000000
1.0,286,21.697028,10.848514,1.000000
1.0,287,64.238257,32.119128,1.000000
1.0,288,6.918317,3.459159,1.000000
1.0,289,12.295433,6.147717,1.000000
1.0,290,31.029684,15.514842,1.000000
1.0,291,3.552077,1.776184,1.000082
1.0,292,39.960186,19.980093,1.000000
1.0,293,22.099797,11.049899,1.000000
1.0,294,16.493549,8.246775,1.000000
1.0,295,28.236728,14.123202,1.000343
1.0,296,18.721535,9.360768,1.000000
1.0,297,8.405933,4.202967,1.000000
1.0,298,29.922674,14.961337,1.000000
1.0,299,5.587818,2.793909,1.000000
1.5,0,9.422087,4.711044,1.000000
1.5,1,47.535083,23.845317,1.003272
1.5,2,19.141850,9.570925,1.000000
1.5,3,41.776781,20.888390,1.000000
1.5,4,26.024267,13.243118,1.017752
1.5,5,11.779656,5.889828,1.000000
1.5,6,37.356301,18.678151,1.000000
1.5,7,56.883793,28.441896,1.000000
1.5,8,22.515858,11.272330,1.001279
1.5,9,19.710051,9.855025,1.000000
1.5,10,61.961480,31.055434,1.002411
1.5,11,13.293903,6.646952,1.000000
1.5,12,6.416729,3.208364,1.000000
1.5,13,18.241658,9.146387,1.002802
1.5,14,5.347193,2.821195,1.055206
1.5,15,61.668289,30.834145,1.000000
1.5,16,76.417789,38.208894,1.000000
1.5,17,30.953331,15.476665,1.000000
1.5,18,9.476123,4.738062,1.000000
1.5,19,22.975658,11.487829,1.000000
1.5,20,20.863372,10.431686,1.000000
1.5,21,41.230703,20.615352,1.000000
1.5,22,44.851100,22.425550,1.000000
1.5,23,38.821917,19.410959,1.000000
1.5,24,68.026266,34.013133,1.000000
1.5,25,14.744155,7.372077,1.000000
1.5,26,10.288438,5.144219,1.000000
1.5,27,81.841582,40.920791,1.000000
1.5,28,20.815204,10.407602,1.000000
1.5,29,22.648868,11.377979,1.004728
1.5,30,40.671696,20.335848,1.000000
1.5,31,13.583004,6.791502,1.000000
1.5,32,10.374729,5.187365,1.000000
1.5,33,13.255021,6.628444,1.000141
1.5,34,92.598748,46.299374,1.000000
1.5,35,49.899806,24.949903,1.000000
1.5,36,114.122216,57.061108,1.000000
1.5,37,61.269843,30.634921,1.000000
1.5,38,16.425477,8.212738,1.000000
1.5,39,45.490885,22.748551,1.000137
1.5,40,14.295105,7.147552,1.000000
1.5,41,24.139927,12.069963,1.000000
1.5,42,15.863288,7.931644,1.000000
1.5,43,22.404133,11.202066,1.000000
1.5,44,7.413462,3.706731,1.000000
1.5,45,76.671177,38.335589,1.000000
1.5,46,71.999893,35.999946,1.000000
1.5,47,8.971406,4.495313,1.002142
1.5,48,14.421256,7.210628,1.000000
1.5,49,51.875176,25.937588,1.000000
1.5,50,9.683989,4.842230,1.000049
1.5,51,25.736891,12.868445,1.000000
1.5,52,45.068980,22.534490,1.000000
1.5,53,51.291370,25.645685,1.000000
1.5,54,74.626450,37.313225,1.000000
1.5,55,10.344192,5.174373,1.000440
1.5,56,24.470154,12.489453,1.020791
1.5,57,23.368997,11.684498,1.000000
1.5,58,44.684515,22.342257,1.000000
1.5,59,31.037746,15.518873,1.000000
1.5,60,22.695183,11.373651,1.002296
1.5,61,10.324368,5.162641,1.000088
1.5,62,16.107429,8.053714,1.000000
1.5,63,53.153495,26.576748,1.000000
1.5,64,42.792761,21.396381,1.000000
1.5,65,44.032643,22.016321,1.000000
1.5,66,57.889464,28.944732,1.000000
1.5,67,44.349847,22.174923,1.000000
1.5,68,24.945501,12.472750,1.000000
1.5,69,19.277823,9.695641,1.005885
1.5,70,24.968557,12.484279,1.000000
1.5,71,2.920046,1.460023,1.000000
1.5,72,36.646009,18.323005,1.000000
1.5,73,5.285606,2.642803,1.000000
1.5,74,8.728898,4.364449,1.000000
1.5,75,4.234823,2.117412,1.000000
1.5,76,29.516831,14.758416,1.000000
1.5,77,43.103688,21.551844,1.000000
1.5,78,14.786822,7.393411,1.000000
1.5,79,52.129510,26.064755,1.000000
1.5,80,26.647667,13.323833,1.000000
1.5,81,4.938150,2.492061,1.009309
1.5,82,10.009595,5.004798,1.000000
1.5,83,18.688013,9.344006,1.000000
1.5,84,31.711357,15.855678,1.000000
1.5,85,17.190610,8.595305,1.000000
1.5,86,11.337934,5.672057,1.000545
1.5,87,15.936985,7.968493,1.000000
1.5,88,56.410644,28.205322,1.000000
1.5,89,39.355731,19.677865,1.000000
1.5,90,55.523091,27.761546,1.000000
1.5,91,49.762139,24.881069,1.000000
1.5,92,48.850673,24.425337,1.000000
1.5,93,7.827183,3.913592,1.000000
1.5,94,84.538815,42.269407,1.000000
1.5,95,49.951460,24.975730,1.000000
1.5,96,42.671888,21.335944,1.000000
1.5,97,170.615002,85.307501,1.000000
1.5,98,46.056693,23.028347,1.000000
1.5,99,25.216728,12.608364,1.000000
1.5,100,17.494801,8.747400,1.000000
1.5,101,24.457675,12.229686,1.000069
1.5,102,54.553149,27.276574,1.000000
1.5,103,14.402670,7.201335,1.000000
1.5,104,38.610677,19.318535,1.000684
1.5,105,84.013046,42.006523,1.000000
1.5,106,69.206253,34.603126,1.000000
1.5,107,41.542660,20.771330,1.000000
1.5,108,47.001146,23.500573,1.000000
1.5,109,40.925951,21.370447,1.044347
1.5,110,38.685245,19.342622,1.000000
1.5,111,77.746520,38.873260,1.000000
1.5,112,18.095584,9.047792,1.000000
1.5,113,56.401501,28.200750,1.000000
1.5,114,66.492499,33.246250,1.000000
1.5,115,91.198221,45.599110,1.000000
1.5,116,71.454738,35.727369,1.000000
1.5,117,18.140338,9.070169,1.000000
1.5,118,32.269956,16.134978,1.000000
1.5,119,42.775417,21.387709,1.000000
1.5,120,32.167110,16.083555,1.000000
1.5,121,54.366411,27.183206,1.000000
1.5,122,42.710515,21.355258,1.000000
1.5,123,22.022587,11.011294,1.000000
1.5,124,11.595694,5.797847,1.000000
1.5,125,43.753084,21.878743,1.000101
1.5,126,75.649140,37.824570,1.000000
1.5,127,16.864305,8.432152,1.000000
1.5,128,32.103676,16.051838,1.000000
1.5,129,39.546505,19.773252,1.000000
1.5,130,7.980240,4.048791,1.014704
1.5,131,65.171587,32.585794,1.000000
1.5,132,10.560995,5.280498,1.000000
1.5,133,22.723269,11.361634,1.000000
1.5,134,67.976156,33.988078,1.000000
1.5,135,36.838591,18.419296,1.000000
1.5,136,6.241643,3.120821,1.000000
1.5,137,52.458623,26.229312,1.000000
1.5,138,40.686560,20.893871,1.027065
1.5,139,25.292335,12.656583,1.000824
1.5,140,26.173021,13.086510,1.000000
1.5,141,10.234290,5.117145,1.000000
1.5,142,36.483185,18.241593,1.000000
1.5,143,22.288590,11.144295,1.000000
1.5,144,42.784001,21.392000,1.000000
1.5,145,54.884954,27.442477,1.000000
1.5,146,21.911205,10.955602,1.000000
1.5,147,57.068562,28.534281,1.000000
1.5,148,2.484783,1.243392,1.000805
1.5,149,20.329131,10.164565,1.000000
1.5,150,41.837031,20.918516,1.000000
1.5,151,20.701268,10.404290,1.005184
1.5,152,21.377627,10.688814,1.000000
1.5,153,64.898164,32.449082,1.000000
1.5,154,23.905246,11.952623,1.000000
1.5,155,75.997563,37.998782,1.000000
1.5,156,53.950444,27.241603,1.009875
1.5,157,18.269567,9.134783,1.000000
1.5,158,4.370247,2.298545,1.051906
1.5,159,29.320468,14.660234,1.000000
1.5,160,55.907356,27.953678,1.000000
1.5,161,17.705146,8.852573,1.000000
1.5,162,34.739534,17.369767,1.000000
1.5,163,9.476939,4.738470,1.000000
1.5,164,10.563724,5.371424,1.016957
1.5,165,3.473070,1.800280,1.036708
1.5,166,17.079127,8.539564,1.000000
1.5,167,27.271708,13.635854,1.000000
1.5,168,48.566754,24.283377,1.000000
1.5,169,12.480408,6.240204,1.000000
1.5,170,22.282615,11.143934,1.000236
1.5,171,45.912142,22.956071,1.000000
1.5,172,8.012031,4.006015,1.000000
1.5,173,27.872819,13.936409,1.000000
1.5,174,19.183424,9.591712,1.000000
1.5,175,9.114679,4.557339,1.000000
1.5,176,21.477457,10.738728,1.000000
1.5,177,11.847364,5.923682,1.000000
1.5,178,15.131174,7.565587,1.000000
1.5,179,35.370579,17.685289,1.000000
1.5,180,5.414593,2.707297,1.000000
1.5,181,76.266909,38.133455,1.000000
1.5,182,52.109706,26.054853,1.000000
1.5,183,46.421952,23.210976,1.000000
1.5,184,61.332380,30.666190,1.000000
1.5,185,46.930186,23.465093,1.000000
1.5,186,31.633455,15.816728,1.000000
1.5,187,24.145691,12.072846,1.000000
1.5,188,51.543342,25.771671,1.000000
1.5,189,33.909682,16.954841,1.000000
1.5,190,25.494908,12.747454,1.000000
1.5,191,34.146365,17.073183,1.000000
1.5,192,21.570789,10.785395,1.000000
1.5,193,58.872189,29.436095,1.000000
1.5,194,29.837226,15.744731,1.055375
1.5,195,14.412971,7.206486,1.000000
1.5,196,27.439167,13.719583,1.000000
1.5,197,11.061485,5.680736,1.027120
1.5,198,2.050906,1.025453,1.000000
1.5,199,23.957620,11.978810,1.000000
1.5,200,15.479641,7.739821,1.000000
1.5,201,46.528484,23.270619,1.000274
1.5,202,37.097570,18.548785,1.000000
1.5,203,52.376170,26.188085,1.000000
1.5,204,64.158773,32.079386,1.000000
1.5,205,11.554055,5.777028,1.000000
1.5,206,36.839805,18.419902,1.000000
1.5,207,23.443261,11.820691,1.008451
1.5,208,64.293205,32.146603,1.000000
1.5,209,35.683062,18.296631,1.025508
1.5,210,11.758059,5.879030,1.000000
1.5,211,26.955949,13.477975,1.000000
1.5,212,9.826277,5.366752,1.092327
1.5,213,37.598590,18.799295,1.000000
1.5,214,142.859153,71.429576,1.000000
1.5,215,13.517840,6.758920,1.000000
1.5,216,23.380745,11.690373,1.000000
1.5,217,9.661520,4.830760,1.000000
1.5,218,73.939266,36.969633,1.000000
1.5,219,19.890240,9.945120,1.000000
1.5,220,31.572933,15.786466,1.000000
1.5,221,24.749433,12.396528,1.001763
1.5,222,35.379605,17.761424,1.004049
1.5,223,49.542055,24.771027,1.000000
1.5,224,7.819401,3.909701,1.000000
1.5,225,4.996487,2.553339,1.022054
1.5,226,13.434396,6.717198,1.000000
1.5,227,31.367760,15.934915,1.016006
1.5,228,25.182398,12.591199,1.000000
1.5,229,5.009211,2.504606,1.000000
1.5,230,19.654544,9.827272,1.000000
1.5,231,41.149778,20.647779,1.003543
1.5,232,29.862117,14.931058,1.000000
1.5,233,6.687680,3.343840,1.000000
1.5,234,41.152851,20.576425,1.000000
1.5,235,28.995829,14.497914,1.000000
1.5,236,27.925756,13.962878,1.000000
1.5,237,35.725940,17.862970,1.000000
1.5,238,34.066203,17.033101,1.000000
1.5,239,30.524750,15.262375,1.000000
1.5,240,30.148833,15.117300,1.002845
1.5,241,19.891527,9.996854,1.005137
1.5,242,26.535787,13.267894,1.000000
1.5,243,57.572232,28.786116,1.000000
1.5,244,12.219427,6.109713,1.000000
1.5,245,11.169551,5.584775,1.000000
1.5,246,50.073272,25.043144,1.000260
1.5,247,7.676344,3.838172,1.000000
1.5,248,48.749554,25.299890,1.037954
1.5,249,47.291909,23.645955,1.000000
1.5,250,38.634501,19.317250,1.000000
1.5,251,75.570284,37.785142,1.000000
1.5,252,9.858828,4.934025,1.000935
1.5,253,20.136831,10.068415,1.000000
1.5,254,47.521616,24.860873,1.046297
1.5,255,66.475750,33.237875,1.000000
1.5,256,50.287098,25.149099,1.000221
1.5,257,34.332919,17.166460,1.000000
1.5,258,18.926846,9.463423,1.000000
1.5,259,12.225689,6.112845,1.000000
1.5,260,38.223872,19.111936,1.000000
1.5,261,191.261081,95.630541,1.000000
1.5,262,15.356583,7.678291,1.000000
1.5,263,20.474131,10.237066,1.000000
1.5,264,128.036241,64.018120,1.000000
1.5,265,16.535914,8.267957,1.000000
1.5,266,62.979034,31.517089,1.000876
1.5,267,20.275767,10.137883,1.000000
1.5,268,19.403472,9.701736,1.000000
1.5,269,67.394376,33.697188,1.000000
1.5,270,29.935110,14.967555,1.000000
1.5,271,25.042255,12.521127,1.000000
1.5,272,10.560258,5.618270,1.064040
1.5,273,55.785774,27.892887,1.000000
1.5,274,21.175680,10.587840,1.000000
1.5,275,56.511215,28.255607,1.000000
1.5,276,22.961170,11.590124,1.009541
1.5,277,27.102392,13.551196,1.000000
1.5,278,19.893931,9.946965,1.000000
1.5,279,30.655374,15.568349,1.015701
1.5,280,67.025578,33.513053,1.000008
1.5,281,34.401368,17.200684,1.000000
1.5,282,50.652637,25.425597,1.003920
1.5,283,30.786252,15.393126,1.000000
1.5,284,18.641914,9.320957,1.000000
1.5,285,59.990606,29.995303,1.000000
1.5,286,18.748881,9.374441,1.000000
1.5,287,24.768959,12.384480,1.000000
1.5,288,2.990398,1.495199,1.000000
1.5,289,115.256635,57.628317,1.000000
1.5,290,14.875431,7.437715,1.000000
1.5,291,24.553288,12.283633,1.000569
1.5,292,25.337793,12.668896,1.000000
1.5,293,69.332634,34.666317,1.000000
1.5,294,50.162322,25.199718,1.004727
1.5,295,24.624774,12.312387,1.000000
1.5,296,18.406366,9.203183,1.000000
1.5,297,59.384456,29.692228,1.000000
1.5,298,4.982219,2.491110,1.000000
1.5,299,18.498174,9.249087,1.000000
2.0,0,94.607647,47.303824,1.000000
2.0,1,28.196736,14.098368,1.000000
2.0,2,17.681388,8.840694,1.000000
2.0,3,51.632139,26.103357,1.011128
2.0,4,28.184324,14.092162,1.000000
2.0,5,38.672180,19.336090,1.000000
2.0,6,142.110964,71.055482,1.000000
2.0,7,31.338381,15.669191,1.000000
2.0,8,85.759363,42.879681,1.000000
2.0,9,48.941844,24.470922,1.000000
2.0,10,10.268051,5.134025,1.000000
2.0,11,91.109602,46.003214,1.009843
2.0,12,17.938896,8.969448,1.000000
2.0,13,9.176648,4.588324,1.000000
2.0,14,43.215829,21.607915,1.000000
2.0,15,207.698621,103.849310,1.000000
2.0,16,27.440452,13.720226,1.000000
2.0,17,11.412665,5.717309,1.001924
2.0,18,32.607956,16.303978,1.000000
2.0,19,12.379471,6.189735,1.000000
2.0,20,209.482263,104.741132,1.000000
2.0,21,11.527038,5.763519,1.000000
2.0,22,70.594580,35.297290,1.000000
2.0,23,8.595192,4.379444,1.019045
2.0,24,41.625113,20.812556,1.000000
2.0,25,33.962952,16.981476,1.000000
2.0,26,7.118352,3.851333,1.082085
2.0,27,123.503629,61.751815,1.000000
2.0,28,33.531008,16.765504,1.000000
2.0,29,76.642012,38.321006,1.000000
2.0,30,58.600075,29.300038,1.000000
2.0,31,63.331839,31.665920,1.000000
2.0,32,111.227955,55.613978,1.000000
2.0,33,27.480675,13.740338,1.000000
2.0,34,63.699814,31.849907,1.000000
2.0,35,23.158119,11.600950,1.001891
2.0,36,31.395604,15.697802,1.000000
2.0,37,36.804550,18.402275,1.000000
2.0,38,43.736675,21.868338,1.000000
2.0,39,25.322601,12.661300,1.000000
2.0,40,85.351531,42.675765,1.000000
2.0,41,8.493974,4.246987,1.000000
2.0,42,81.685023,40.842512,1.000000
2.0,43,48.320278,24.160139,1.000000
2.0,44,39.464563,19.732281,1.000000
2.0,45,56.318462,28.159231,1.000000
2.0,46,9.248908,4.624454,1.000000
2.0,47,43.507034,21.753517,1.000000
2.0,48,29.684510,14.842255,1.000000
2.0,49,14.822440,7.411220,1.000000
2.0,50,30.841928,15.420964,1.000000
2.0,51,110.201550,55.100775,1.000000
2.0,52,59.140467,29.570234,1.000000
2.0,53,23.348106,11.674053,1.000000
2.0,54,28.977085,14.488543,1.000000
2.0,55,4.719884,2.359942,1.000000
2.0,56,155.083879,77.541939,1.000000
2.0,57,40.331835,20.165918,1.000000
2.0,58,42.437152,21.218576,1.000000
2.0,59,41.634045,20.817023,1.000000
2.0,60,59.465302,29.732651,1.000000
2.0,61,39.454989,19.727494,1.000000
2.0,62,86.332582,43.961009,1.018411
2.0,63,52.876437,26.438218,1.000000
2.0,64,21.029348,10.514674,1.000000
2.0,65,15.274426,7.637213,1.000000
2.0,66,105.570098,52.785049,1.000000
2.0,67,19.296161,9.648080,1.000000
2.0,68,23.053620,11.526810,1.000000
2.0,69,18.971240,9.485620,1.000000
2.0,70,24.038847,12.019424,1.000000
2.0,71,46.295802,23.147901,1.000000
2.0,72,60.016200,30.008100,1.000000
2.0,73,27.070844,13.541091,1.000419
2.0,74,70.447774,35.250970,1.000769
2.0,75,22.989677,11.551199,1.004903
2.0,76,88.073924,44.036962,1.000000
2.0,77,56.649133,28.324566,1.000000
2.0,78,129.578145,64.789072,1.000000
2.0,79,332.338696,166.169348,1.000000
2.0,80,37.257561,18.651640,1.001227
2.0,81,10.518218,5.259109,1.000000
2.0,82,43.161121,22.121236,1.025054
2.0,83,90.845811,45.422905,1.000000
2.0,84,23.301226,11.650613,1.000000
2.0,85,94.803289,47.401645,1.000000
2.0,86,58.079472,29.039736,1.000000
2.0,87,92.718082,46.359111,1.000002
2.0,88,40.765951,20.382975,1.000000
2.0,89,61.806627,30.903313,1.000000
2.0,90,54.965282,27.482641,1.000000
2.0,91,112.324251,56.162125,1.000000
2.0,92,59.779344,29.889672,1.000000
2.0,93,65.850556,32.925278,1.000000
2.0,94,104.081214,52.938269,1.017249
2.0,95,21.934566,11.002216,1.003185
2.0,96,56.922388,28.461194,1.000000
2.0,97,65.753953,32.876977,1.000000
2.0,98,63.478229,31.739115,1.000000
2.0,99,13.418358,6.709179,1.000000
2.0,100,28.869323,14.434662,1.000000
2.0,101,15.721037,7.860518,1.000000
2.0,102,18.217752,9.108876,1.000000
2.0,103,17.536011,8.770269,1.000258
2.0,104,88.135126,44.067563,1.000000
2.0,105,19.654000,9.827000,1.000000
2.0,106,228.655547,114.327773,1.000000
2.0,107,52.615032,26.307516,1.000000
2.0,108,65.555620,32.923465,1.004444
2.0,109,16.732198,8.366099,1.000000
2.0,110,21.782772,10.891386,1.000000
2.0,111,35.693104,17.846552,1.000000
2.0,112,129.891027,64.945513,1.000000
2.0,113,61.319479,30.659740,1.000000
2.0,114,45.277358,22.638679,1.000000
2.0,115,9.128067,4.564034,1.000000
2.0,116,46.189359,23.098295,1.000157
2.0,117,31.155334,15.577667,1.000000
2.0,118,51.897220,25.948610,1.000000
2.0,119,33.193300,16.657851,1.003688
2.0,120,51.182700,25.591350,1.000000
2.0,121,2.227902,1.113951,1.000000
2.0,122,62.880733,31.440366,1.000000
2.0,123,4.331761,2.165881,1.000000
2.0,124,81.110936,40.555468,1.000000
2.0,125,107.947298,53.973649,1.000000
2.0,126,28.769043,14.405629,1.001467
2.0,127,85.510015,42.755008,1.000000
2.0,128,106.834294,53.417147,1.000000
2.0,129,35.867521,17.933760,1.000000
2.0,130,71.228592,35.614296,1.000000
2.0,131,71.865646,35.932823,1.000000
2.0,132,14.718410,7.363595,1.000596
2.0,133,92.638009,46.319004,1.000000
2.0,134,41.354391,20.820006,1.006907
2.0,135,32.213506,16.106753,1.000000
2.0,136,46.151537,23.075768,1.000000
2.0,137,12.711120,6.355560,1.000000
2.0,138,21.620821,10.810410,1.000000
2.0,139,52.671896,26.335948,1.000000
2.0,140,15.428348,7.714174,1.000000
2.0,141,14.020082,7.010041,1.000000
2.0,142,16.392298,8.196149,1.000000
2.0,143,14.656889,7.328444,1.000000
2.0,144,28.058876,14.211833,1.013001
2.0,145,98.162264,49.081132,1.000000
2.0,146,49.598026,24.799013,1.000000
2.0,147,42.818977,21.409488,1.000000
2.0,148,61.835609,30.917804,1.000000
2.0,149,51.711276,25.855638,1.000000
2.0,150,8.381267,4.190633,1.000000
2.0,151,42.556254,21.322578,1.002089
2.0,152,22.263028,11.131514,1.000000
2.0,153,184.581710,92.290855,1.000000
2.0,154,28.131940,14.065970,1.000000
2.0,155,21.503532,10.751766,1.000000
2.0,156,10.923861,5.461931,1.000000
2.0,157,88.943107,44.471553,1.000000
2.0,158,37.995412,19.006432,1.000459
2.0,159,28.845997,14.422998,1.000000
2.0,160,99.309150,49.654575,1.000000
2.0,161,43.980957,21.990478,1.000000
2.0,162,7.304305,3.802770,1.041241
2.0,163,27.182199,13.842622,1.018506
2.0,164,39.057479,19.528740,1.000000
2.0,165,57.400984,28.700492,1.000000
2.0,166,92.642156,46.321078,1.000000
2.0,167,91.732366,45.866183,1.000000
2.0,168,51.571700,25.785850,1.000000
2.0,169,63.288757,31.644378,1.000000
2.0,170,13.812653,6.906327,1.000000
2.0,171,36.177545,18.088772,1.000000
2.0,172,56.755744,28.377872,1.000000
2.0,173,69.243475,34.621737,1.000000
2.0,174,40.021633,20.010816,1.000000
2.0,175,27.057620,13.528810,1.000000
2.0,176,43.549569,21.785567,1.000495
2.0,177,38.924690,19.462345,1.000000
2.0,178,61.254818,30.627409,1.000000
2.0,179,32.673487,16.336744,1.000000
2.0,180,91.432076,45.716038,1.000000
2.0,181,33.289782,16.644891,1.000000
2.0,182,12.288521,6.186230,1.006831
2.0,183,19.568475,9.784238,1.000000
2.0,184,152.089214,76.044607,1.000000
2.0,185,40.813127,20.406563,1.000000
2.0,186,48.475278,24.237639,1.000000
2.0,187,74.444601,37.222301,1.000000
2.0,188,28.529828,14.324571,1.004182
2.0,189,33.530398,16.886080,1.007210
2.0,190,14.603393,7.301697,1.000000
2.0,191,10.723869,5.361935,1.000000
2.0,192,51.369113,25.684557,1.000000
2.0,193,10.554169,5.685330,1.077362
2.0,194,76.507351,38.409723,1.004079
2.0,195,16.530409,8.376780,1.013499
2.0,196,69.402920,34.701460,1.000000
2.0,197,51.551911,25.775956,1.000000
2.0,198,75.637245,37.823344,1.000125
2.0,199,43.721876,21.860938,1.000000
2.0,200,54.085809,27.042905,1.000000
2.0,201,25.605739,13.598755,1.062165
2.0,202,142.927583,71.463792,1.000000
2.0,203,54.590501,27.295250,1.000000
2.0,204,39.378089,19.689045,1.000000
2.0,205,82.231645,41.115822,1.000000
2.0,206,10.055465,5.027732,1.000000
2.0,207,14.039898,7.019949,1.000000
2.0,208,74.305983,37.152992,1.000000
2.0,209,56.379588,28.189794,1.000000
2.0,210,27.037148,13.518574,1.000000
2.0,211,32.051215,16.025608,1.000000
2.0,212,27.624781,13.818111,1.000414
2.0,213,7.481032,3.740516,1.000000
2.0,214,88.811938,44.405969,1.000000
2.0,215,35.689126,17.844563,1.000000
2.0,216,24.195870,12.097935,1.000000
2.0,217,26.607733,13.303866,1.000000
2.0,218,10.864648,5.432324,1.000000
2.0,219,18.017256,9.008628,1.000000
2.0,220,27.551526,13.777694,1.000140
2.0,221,66.831671,33.415835,1.000000
2.0,222,18.660156,9.330078,1.000000
2.0,223,62.254659,31.127329,1.000000
2.0,224,22.937709,11.468854,1.000000
2.0,225,22.720110,11.360055,1.000000
2.0,226,114.565744,57.563526,1.004899
2.0,227,84.943347,42.471674,1.000000
2.0,228,19.627458,9.813729,1.000000
2.0,229,16.746297,8.373149,1.000000
2.0,230,64.666560,32.333280,1.000000
2.0,231,19.268605,9.634303,1.000000
2.0,232,101.843277,50.921638,1.000000
2.0,233,26.138070,13.090637,1.001653
2.0,234,116.873093,58.436547,1.000000
2.0,235,13.564850,6.797498,1.002222
2.0,236,110.450455,55.225228,1.000000
2.0,237,25.926069,12.963034,1.000000
2.0,238,59.476682,29.738341,1.000000
2.0,239,59.972914,29.986457,1.000000
2.0,240,53.360023,26.680011,1.000000
2.0,241,17.566120,8.783060,1.000000
2.0,242,116.704554,58.352277,1.000000
2.0,243,29.982197,14.991099,1.000000
2.0,244,83.938705,41.969353,1.000000
2.0,245,52.218057,26.149944,1.001567
2.0,246,64.793858,32.396929,1.000000
2.0,247,177.158733,88.579366,1.000000
2.0,248,25.979698,12.995615,1.000444
2.0,249,157.284305,78.642153,1.000000
2.0,250,35.194432,17.597216,1.000000
2.0,251,22.323461,11.161730,1.000000
2.0,252,63.885545,31.942772,1.000000
2.0,253,63.341943,31.670972,1.000000
2.0,254,42.487665,21.320020,1.003586
2.0,255,43.148477,21.574239,1.000000
2.0,256,49.838052,24.919026,1.000000
2.0,257,125.889438,62.944719,1.000000
2.0,258,34.961586,17.480793,1.000000
2.0,259,33.672259,16.836129,1.000000
2.0,260,35.901488,18.051512,1.005614
2.0,261,20.451456,10.225728,1.000000
2.0,262,33.725558,16.862779,1.000000
2.0,263,53.231288,26.615644,1.000000
2.0,264,45.546379,22.773189,1.000000
2.0,265,124.855807,62.427903,1.000000
2.0,266,29.365178,14.682589,1.000000
2.0,267,60.467945,30.233973,1.000000
2.0,268,60.153692,30.076846,1.000000
2.0,269,52.315782,26.157891,1.000000
2.0,270,144.296581,72.148291,1.000000
2.0,271,22.741896,11.370948,1.000000
2.0,272,16.068670,8.034335,1.000000
2.0,273,32.633355,16.316678,1.000000
2.0,274,74.234203,37.117102,1.000000
2.0,275,59.341500,29.711348,1.001368
2.0,276,47.206720,23.603360,1.000000
2.0,277,18.141831,9.070916,1.000000
2.0,278,98.864004,49.432002,1.000000
2.0,279,103.785650,52.749038,1.016500
2.0,280,63.190647,31.595324,1.000000
2.0,281,69.718878,34.859439,1.000000
2.0,282,103.148806,51.574403,1.000000
2.0,283,36.641591,18.320796,1.000000
2.0,284,21.502762,10.751381,1.000000
2.0,285,80.477325,40.238663,1.000000
2.0,286,85.882158,42.941079,1.000000
2.0,287,73.962172,36.981086,1.000000
2.0,288,175.211227,87.605613,1.000000
2.0,289,97.926295,48.963148,1.000000
2.0,290,40.772951,20.387264,1.000039
2.0,291,46.613870,23.378428,1.003067
2.0,292,61.600890,30.800445,1.000000
2.0,293,12.151311,6.075656,1.000000
2.0,294,44.118510,22.059255,1.000000
2.0,295,73.930861,36.965431,1.000000
2.0,296,17.205577,8.631032,1.003283
2.0,297,110.297672,55.148836,1.000000
2.0,298,32.181280,16.142491,1.003222
2.0,299,4.424088,2.212044,1.000000
3.0,0,33.209768,16.632015,1.001634
3.0,1,49.195748,24.599293,1.000058
3.0,2,77.700097,38.900303,1.001294
3.0,3,27.898167,13.949084,1.000000
3.0,4,17.030506,8.515253,1.000000
3.0,5,50.908115,25.454057,1.000000
3.0,6,44.997703,22.498851,1.000000
3.0,7,84.344796,42.172398,1.000000
3.0,8,112.876221,56.438110,1.000000
3.0,9,133.959837,66.979918,1.000000
3.0,10,71.457790,36.441037,1.019932
3.0,11,63.025724,32.373887,1.027323
3.0,12,44.545391,22.272696,1.000000
3.0,13,70.071515,35.035758,1.000000
3.0,14,43.333479,21.666739,1.000000
3.0,15,85.726009,42.863005,1.000000
3.0,16,140.333883,70.166942,1.000000
3.0,17,8.241284,4.120642,1.000000
3.0,18,23.136118,11.568059,1.000000
3.0,19,26.176099,13.088050,1.000000
3.0,20,90.542704,45.271352,1.000000
3.0,21,110.117483,55.058742,1.000000
3.0,22,225.931584,112.965792,1.000000
3.0,23,30.521693,15.260846,1.000000
3.0,24,61.376930,31.060434,1.012121
3.0,25,147.956027,73.978013,1.000000
3.0,26,19.531006,9.765503,1.000000
3.0,27,72.020761,36.010380,1.000000
3.0,28,51.413979,25.706990,1.000000
3.0,29,50.544755,25.286232,1.000548
3.0,30,139.059824,69.529912,1.000000
3.0,31,36.494933,18.247467,1.000000
3.0,32,33.315921,17.624750,1.058038
3.0,33,38.811012,20.408980,1.051711
3.0,34,90.177422,45.088711,1.000000
3.0,35,18.030621,9.015311,1.000000
3.0,36,138.656244,69.328122,1.000000
3.0,37,30.811525,15.959389,1.035936
3.0,38,89.306833,44.653417,1.000000
3.0,39,63.841968,31.920984,1.000000
3.0,40,19.730602,9.865301,1.000000
3.0,41,27.267566,13.633783,1.000000
3.0,42,183.758439,91.879220,1.000000
3.0,43,42.232574,21.116287,1.000000
3.0,44,66.575662,33.287831,1.000000
3.0,45,115.862108,58.893696,1.016617
3.0,46,396.658113,198.329057,1.000000
3.0,47,107.342416,53.671208,1.000000
3.0,48,38.916645,19.458323,1.000000
3.0,49,48.436127,24.218064,1.000000
3.0,50,102.068459,51.034229,1.000000
3.0,51,45.772810,22.886405,1.000000
3.0,52,139.550070,69.775035,1.000000
3.0,53,78.355756,39.177878,1.000000
3.0,54,57.407735,28.703868,1.000000
3.0,55,3.570210,1.785926,1.000460
3.0,56,55.231833,27.615916,1.000000
3.0,57,86.666574,43.333287,1.000000
3.0,58,42.027845,21.799979,1.037406
3.0,59,27.294364,13.647182,1.000000
3.0,60,31.964302,15.982151,1.000000
3.0,61,61.964745,30.982372,1.000000
3.0,62,28.569137,14.583673,1.020939
3.0,63,77.039284,38.519642,1.000000
3.0,64,104.480501,52.240250,1.000000
3.0,65,23.832907,11.916453,1.000000
3.0,66,27.112909,13.556454,1.000000
3.0,67,84.849665,42.440525,1.000370
3.0,68,53.855772,26.927886,1.000000
3.0,69,105.572534,52.942106,1.002952
3.0,70,111.054514,55.527257,1.000000
3.0,71,53.225111,26.612556,1.000000
3.0,72,125.047522,62.523761,1.000000
3.0,73,59.453936,29.726968,1.000000
3.0,74,28.079122,14.039561,1.000000
3.0,75,37.782305,18.891152,1.000000
3.0,76,110.803511,55.401756,1.000000
3.0,77,88.753271,44.376636,1.000000
3.0,78,41.657415,20.828707,1.000000
3.0,79,78.888321,39.444161,1.000000
3.0,80,63.110632,31.555316,1.000000
3.0,81,63.312878,31.656439,1.000000
3.0,82,48.354086,24.177043,1.000000
3.0,83,88.498700,44.249350,1.000000
3.0,84,72.442042,36.221021,1.000000
3.0,85,106.147311,53.073656,1.000000
3.0,86,26.238721,13.125946,1.000502
3.0,87,58.005763,29.002881,1.000000
3.0,88,68.159008,34.079504,1.000000
3.0,89,57.521360,28.760680,1.000000
3.0,90,67.091016,33.545508,1.000000
3.0,91,51.175276,25.751065,1.006387
3.0,92,18.515464,9.257732,1.000000
3.0,93,128.721843,64.360922,1.000000
3.0,94,38.306531,19.153265,1.000000
3.0,95,37.513000,18.756500,1.000000
3.0,96,64.699881,32.349941,1.000000
3.0,97,142.519270,71.259635,1.000000
3.0,98,87.626435,43.813218,1.000000
3.0,99,59.268182,29.634091,1.000000
3.0,100,47.314208,23.657104,1.000000
3.0,101,55.106786,27.553393,1.000000
3.0,102,11.174087,5.587043,1.000000
3.0,103,19.102168,9.551084,1.000000
3.0,104,151.445244,75.722622,1.000000
3.0,105,91.224457,45.612229,1.000000
3.0,106,73.247694,36.623847,1.000000
3.0,107,74.202177,37.101089,1.000000
3.0,108,55.673138,27.841789,1.000188
3.0,109,151.983906,75.991953,1.000000
3.0,110,173.736737,86.868368,1.000000
3.0,111,39.516352,19.758176,1.000000
3.0,112,43.046448,21.684616,1.007498
3.0,113,120.650053,60.411746,1.001438
3.0,114,92.389189,46.194594,1.000000
3.0,115,13.880760,6.940380,1.000000
3.0,116,9.678293,4.839147,1.000000
3.0,117,119.670960,59.835480,1.000000
3.0,118,21.173090,10.586545,1.000000
3.0,119,33.711102,16.855551,1.000000
3.0,120,210.971407,105.485703,1.000000
3.0,121,100.070372,50.035186,1.000000
3.0,122,51.096438,25.548219,1.000000
3.0,123,44.770289,22.385145,1.000000
3.0,124,8.779400,4.441187,1.011729
3.0,125,30.659182,15.329591,1.000000
3.0,126,59.045106,29.522553,1.000000
3.0,127,69.372683,34.686342,1.000000
3.0,128,107.555919,53.777960,1.000000
3.0,129,145.752611,72.876305,1.000000
3.0,130,104.539814,52.269907,1.000000
3.0,131,49.180132,24.590066,1.000000
3.0,132,46.335644,23.167822,1.000000
3.0,133,17.574847,8.789379,1.000223
3.0,134,118.252913,59.126456,1.000000
3.0,135,18.538300,9.269150,1.000000
3.0,136,32.496821,16.248411,1.000000
3.0,137,48.695352,24.390967,1.001778
3.0,138,42.966210,21.483105,1.000000
3.0,139,140.934555,70.467278,1.000000
3.0,140,21.738161,11.031397,1.014934
3.0,141,179.788468,89.894234,1.000000
3.0,142,51.683060,25.841530,1.000000
3.0,143,33.762499,16.881250,1.000000
3.0,144,40.908797,20.454398,1.000000
3.0,145,552.633065,276.316533,1.000000
3.0,146,46.171178,23.085589,1.000000
3.0,147,70.785102,35.392551,1.000000
3.0,148,39.887345,19.943673,1.000000
3.0,149,42.880553,22.091661,1.030381
3.0,150,11.734491,5.867245,1.000000
3.0,151,122.412692,61.206346,1.000000
3.0,152,34.695487,17.347744,1.000000
3.0,153,111.319740,55.659870,1.000000
3.0,154,64.704586,32.584976,1.007192
3.0,155,9.065318,4.532659,1.000000
3.0,156,53.984698,26.992349,1.000000
3.0,157,47.367399,23.683699,1.000000
3.0,158,29.119800,14.559900,1.000000
3.0,159,137.842762,68.921381,1.000000
3.0,160,61.652809,30.826405,1.000000
3.0,161,33.108523,16.554261,1.000000
3.0,162,92.670044,46.335022,1.000000
3.0,163,75.844651,38.343616,1.011109
3.0,164,77.665022,38.832511,1.000000
3.0,165,176.650680,88.325340,1.000000
3.0,166,18.894398,9.447199,1.000000
3.0,167,15.607987,8.355169,1.070627
3.0,168,24.956162,12.478081,1.000000
3.0,169,32.593333,16.330978,1.002105
3.0,170,62.584416,31.292208,1.000000
3.0,171,122.622239,61.400190,1.001453
3.0,172,60.671697,30.335848,1.000000
3.0,173,31.930635,16.011507,1.002893
3.0,174,81.461013,45.132425,1.108074
3.0,175,108.528490,56.604800,1.043133
3.0,176,92.316658,46.158329,1.000000
3.0,177,59.448092,29.724046,1.000000
3.0,178,13.190370,6.595185,1.000000
3.0,179,71.627019,35.813509,1.000000
3.0,180,27.073595,13.536797,1.000000
3.0,181,92.002276,46.006285,1.000112
3.0,182,73.876345,36.938172,1.000000
3.0,183,92.753632,46.376816,1.000000
3.0,184,31.143807,15.571903,1.000000
3.0,185,80.418082,40.209041,1.000000
3.0,186,17.705794,8.901262,1.005463
3.0,187,29.403244,14.701622,1.000000
3.0,188,90.772459,45.386229,1.000000
3.0,189,74.162649,37.081325,1.000000
3.0,190,83.152720,41.576360,1.000000
3.0,191,78.372986,39.186493,1.000000
3.0,192,54.819277,27.409638,1.000000
3.0,193,66.444037,33.222019,1.000000
3.0,194,91.144853,45.722813,1.003300
3.0,195,32.366473,16.463849,1.017340
3.0,196,54.278826,27.154989,1.000574
3.0,197,145.474467,72.737233,1.000000
3.0,198,17.833359,8.916680,1.000000
3.0,199,60.478117,30.239059,1.000000
3.0,200,69.916710,34.958355,1.000000
3.0,201,34.583874,17.361646,1.004031
3.0,202,57.017024,28.508512,1.000000
3.0,203,88.563513,44.695325,1.009339
3.0,204,50.501054,25.250527,1.000000
3.0,205,64.908499,32.454250,1.000000
3.0,206,75.680841,37.840420,1.000000
3.0,207,80.263973,40.137348,1.000134
3.0,208,85.713675,42.856837,1.000000
3.0,209,36.295735,18.155698,1.000432
3.0,210,140.491409,70.245704,1.000000
3.0,211,42.472177,21.236089,1.000000
3.0,212,97.741664,48.870832,1.000000
3.0,213,35.686559,17.844443,1.000065
3.0,214,52.167268,26.083634,1.000000
3.0,215,51.929347,25.964673,1.000000
3.0,216,81.818458,40.909229,1.000000
3.0,217,17.581703,8.790852,1.000000
3.0,218,72.925206,36.516187,1.001470
3.0,219,67.718267,33.859133,1.000000
3.0,220,38.567016,19.283508,1.000000
3.0,221,58.024559,30.257797,1.042931
3.0,222,35.442637,17.838678,1.006622
3.0,223,48.083114,24.041557,1.000000
3.0,224,140.136656,70.780812,1.010168
3.0,225,48.872995,24.995938,1.022894
3.0,226,76.770566,38.385283,1.000000
3.0,227,24.474474,12.426823,1.015493
3.0,228,58.093532,29.046766,1.000000
3.0,229,151.486123,75.743062,1.000000
3.0,230,238.039201,119.019601,1.000000
3.0,231,43.571210,21.785605,1.000000
3.0,232,137.236570,68.618285,1.000000
3.0,233,74.288412,37.144206,1.000000
3.0,234,56.613827,28.691626,1.013591
3.0,235,23.003803,11.503409,1.000131
3.0,236,170.586620,85.293310,1.000000
3.0,237,28.508879,14.254439,1.000000
3.0,238,228.533279,114.266639,1.000000
3.0,239,146.648888,73.324444,1.000000
3.0,240,116.881550,58.440775,1.000000
3.0,241,62.834631,31.417316,1.000000
3.0,242,72.278185,36.139092,1.000000
3.0,243,44.716802,22.358401,1.000000
3.0,244,98.599285,49.416451,1.002369
3.0,245,90.516513,45.258257,1.000000
3.0,246,88.091363,44.045682,1.000000
3.0,247,88.105542,44.052771,1.000000
3.0,248,94.624182,47.485805,1.003672
3.0,249,19.532318,9.766159,1.000000
3.0,250,93.375548,46.687774,1.000000
3.0,251,123.995473,61.997736,1.000000
3.0,252,93.861979,46.930990,1.000000
3.0,253,147.459050,73.729525,1.000000
3.0,254,50.806804,25.841075,1.017229
3.0,255,87.356392,43.678196,1.000000
3.0,256,11.140097,5.721781,1.027241
3.0,257,111.541381,55.770691,1.000000
3.0,258,47.528265,23.927082,1.006857
3.0,259,123.994071,61.997036,1.000000
3.0,260,192.225148,96.112574,1.000000
3.0,261,52.957973,26.478987,1.000000
3.0,262,35.158081,17.579040,1.000000
3.0,263,27.635146,13.817573,1.000000
3.0,264,47.839080,23.919540,1.000000
3.0,265,54.563889,27.281945,1.000000
3.0,266,73.747053,36.873526,1.000000
3.0,267,35.384170,18.021375,1.018612
3.0,268,186.701991,93.350996,1.000000
3.0,269,64.840743,32.444045,1.000730
3.0,270,93.173505,46.586752,1.000000
3.0,271,132.579050,66.389991,1.001516
3.0,272,54.866836,27.433418,1.000000
3.0,273,13.369330,6.684665,1.000000
3.0,274,78.969733,39.484866,1.000000
3.0,275,90.503491,45.276993,1.000558
3.0,276,96.698077,48.349038,1.000000
3.0,277,101.689796,50.848841,1.000078
3.0,278,50.629715,25.314858,1.000000
3.0,279,56.090635,28.119430,1.002643
3.0,280,69.715172,34.857586,1.000000
3.0,281,36.698483,18.359747,1.000573
3.0,282,49.235923,24.720453,1.004163
3.0,283,109.853646,54.926823,1.000000
3.0,284,160.158923,80.183822,1.001303
3.0,285,33.237059,18.566527,1.117218
3.0,286,36.474625,18.237313,1.000000
3.0,287,73.426379,36.713189,1.000000
3.0,288,152.581537,76.290769,1.000000
3.0,289,109.321063,54.660531,1.000000
3.0,290,68.196203,34.371492,1.008018
3.0,291,87.873416,43.936708,1.000000
3.0,292,184.915304,92.457652,1.000000
3.0,293,19.505829,9.752915,1.000000
3.0,294,165.970229,82.985114,1.000000
3.0,295,98.340161,49.170081,1.000000
3.0,296,29.066641,14.533321,1.000000
3.0,297,41.710940,20.864206,1.000419
3.0,298,18.404751,9.215832,1.001462
3.0,299,67.538812,33.769406,1.000000
5.0,0,109.581690,54.790845,1.000000
5.0,1,92.378238,46.189119,1.000000
5.0,2,21.438797,10.719399,1.000000
5.0,3,145.156288,72.578144,1.000000
5.0,4,217.273526,108.636763,1.000000
5.0,5,150.103968,75.051984,1.000000
5.0,6,175.219745,87.609873,1.000000
5.0,7,144.528350,72.264175,1.000000
5.0,8,49.805801,24.902901,1.000000
5.0,9,179.051332,89.525666,1.000000
5.0,10,46.112420,23.056210,1.000000
5.0,11,170.218654,85.109327,1.000000
5.0,12,14.841838,7.420919,1.000000
5.0,13,82.740204,41.370102,1.000000
5.0,14,129.899774,64.949887,1.000000
5.0,15,49.714331,24.857166,1.000000
5.0,16,149.912831,75.671728,1.009543
5.0,17,50.524037,25.271820,1.000388
5.0,18,217.251553,108.630443,1.000043
5.0,19,27.027723,13.513862,1.000000
5.0,20,83.932807,41.966403,1.000000
5.0,21,388.974604,194.487302,1.000000
5.0,22,75.843781,37.921890,1.000000
5.0,23,139.297953,69.648977,1.000000
5.0,24,216.178551,110.277170,1.020242
5.0,25,333.729045,166.864522,1.000000
5.0,26,94.728911,47.364456,1.000000
5.0,27,82.350924,41.175462,1.000000
5.0,28,145.211710,76.182510,1.049261
5.0,29,18.668600,9.341355,1.000756
5.0,30,274.393846,137.196923,1.000000
5.0,31,94.905414,47.452707,1.000000
5.0,32,115.980716,57.990358,1.000000
5.0,33,51.215934,25.607967,1.000000
5.0,34,138.560788,69.280394,1.000000
5.0,35,29.838588,15.049910,1.008755
5.0,36,48.998123,24.499062,1.000000
5.0,37,301.659342,150.829671,1.000000
5.0,38,112.441069,56.220534,1.000000
5.0,39,116.596375,58.298188,1.000000
5.0,40,112.122485,56.108265,1.000839
5.0,41,354.773753,177.386876,1.000000
5.0,42,105.050305,52.525153,1.000000
5.0,43,82.141640,41.070820,1.000000
5.0,44,95.810736,47.905368,1.000000
5.0,45,89.137872,46.124855,1.034910
5.0,46,225.804982,112.902491,1.000000
5.0,47,110.325056,55.162528,1.000000
5.0,48,86.591450,43.295725,1.000000
5.0,49,69.343089,34.671545,1.000000
5.0,50,191.162749,95.581375,1.000000
5.0,51,265.107149,132.553575,1.000000
5.0,52,173.245690,86.622845,1.000000
5.0,53,63.546234,34.002210,1.070157
5.0,54,75.464494,37.732247,1.000000
5.0,55,231.370884,115.685442,1.000000
5.0,56,119.909779,60.093918,1.002319
5.0,57,110.184297,55.092149,1.000000
5.0,58,260.942777,130.471388,1.000000
5.0,59,83.029604,41.514802,1.000000
5.0,60,81.334527,40.667263,1.000000
5.0,61,100.075627,50.037814,1.000000
5.0,62,108.802809,54.401404,1.000000
5.0,63,384.774470,192.387235,1.000000
5.0,64,40.924637,20.462318,1.000000
5.0,65,10.847372,5.423686,1.000000
5.0,66,138.970554,70.976594,1.021462
5.0,67,186.466626,93.233313,1.000000
5.0,68,143.641788,71.820894,1.000000
5.0,69,144.428106,72.214053,1.000000
5.0,70,108.880814,54.440407,1.000000
5.0,71,272.690105,136.345053,1.000000
5.0,72,115.190016,57.627708,1.000568
5.0,73,243.142403,121.571201,1.000000
5.0,74,129.145114,64.572557,1.000000
5.0,75,121.016577,60.508288,1.000000
5.0,76,175.989560,87.994780,1.000000
5.0,77,139.694545,69.847272,1.000000
5.0,78,49.209644,24.647410,1.001731
5.0,79,61.754638,30.877319,1.000000
5.0,80,199.327537,99.663769,1.000000
5.0,81,29.171478,14.585739,1.000000
5.0,82,152.795516,76.397758,1.000000
5.0,83,141.152077,70.576039,1.000000
5.0,84,278.871168,139.435584,1.000000
5.0,85,194.439247,97.219624,1.000000
5.0,86,19.789795,9.894898,1.000000
5.0,87,108.221557,54.110778,1.000000
5.0,88,159.655205,79.827602,1.000000
5.0,89,114.233391,57.370707,1.004447
5.0,90,30.984511,15.492256,1.000000
5.0,91,10.285238,5.704675,1.109294
5.0,92,27.119681,13.559841,1.000000
5.0,93,33.290801,16.645400,1.000000
5.0,94,38.749821,19.374910,1.000000
5.0,95,136.702121,68.351061,1.000000
5.0,96,47.699474,23.849737,1.000000
5.0,97,85.018890,42.509445,1.000000
5.0,98,54.061674,27.030837,1.000000
5.0,99,67.254891,33.627445,1.000000
5.0,100,115.102769,57.551384,1.000000
5.0,101,191.599207,95.799604,1.000000
5.0,102,144.274390,72.161961,1.000343
5.0,103,48.201068,24.100534,1.000000
5.0,104,83.513133,42.193868,1.010473
5.0,105,127.095382,63.547691,1.000000
5.0,106,222.119764,111.192535,1.001194
5.0,107,52.231650,26.115825,1.000000
5.0,108,59.306349,29.874257,1.007456
5.0,109,10.268900,5.284716,1.029266
5.0,110,126.022463,66.668388,1.058040
5.0,111,240.940831,120.471978,1.000013
5.0,112,89.620139,44.818432,1.000187
5.0,113,57.576471,28.788236,1.000000
5.0,114,139.697056,70.910771,1.015208
5.0,115,154.285383,77.142691,1.000000
5.0,116,145.848780,72.933386,1.000123
5.0,117,131.190117,71.687049,1.092873
5.0,118,93.544122,46.772061,1.000000
5.0,119,45.489299,22.744649,1.000000
5.0,120,37.489367,18.744684,1.000000
5.0,121,84.082716,42.326694,1.006787
5.0,122,137.908782,68.954391,1.000000
5.0,123,279.222810,139.611405,1.000000
5.0,124,85.203228,42.615888,1.000335
5.0,125,129.433201,64.716600,1.000000
5.0,126,144.820561,72.410281,1.000000
5.0,127,81.515274,40.771140,1.000331
5.0,128,47.178199,23.589099,1.000000
5.0,129,60.089354,30.044677,1.000000
5.0,130,34.947984,17.597156,1.007048
5.0,131,18.216813,9.108407,1.000000
5.0,132,365.004781,182.502390,1.000000
5.0,133,69.421132,34.727321,1.000483
5.0,134,170.672340,85.336170,1.000000
5.0,135,67.648696,33.824348,1.000000
5.0,136,81.891592,40.957652,1.000290
5.0,137,67.242546,33.621273,1.000000
5.0,138,86.830710,43.529591,1.002631
5.0,139,94.778329,47.389165,1.000000
5.0,140,348.868880,174.434440,1.000000
5.0,141,87.697389,43.848695,1.000000
5.0,142,52.057773,26.028886,1.000000
5.0,143,97.658630,48.829315,1.000000
5.0,144,140.620034,70.310017,1.000000
5.0,145,118.129063,59.064531,1.000000
5.0,146,55.059599,27.572669,1.001557
5.0,147,85.858768,44.697460,1.041186
5.0,148,181.636089,90.818045,1.000000
5.0,149,138.658376,69.329188,1.000000
5.0,150,106.417500,53.326530,1.002214
5.0,151,66.529814,33.278695,1.000414
5.0,152,158.889254,79.444627,1.000000
5.0,153,208.299808,104.149904,1.000000
5.0,154,101.810776,50.905388,1.000000
5.0,155,221.935746,110.967873,1.000000
5.0,156,112.330307,56.165153,1.000000
5.0,157,94.755660,47.377830,1.000000
5.0,158,51.523447,25.816855,1.002140
5.0,159,80.548795,40.274398,1.000000
5.0,160,92.377781,46.188890,1.000000
5.0,161,88.805349,44.402674,1.000000
5.0,162,178.386118,89.193059,1.000000
5.0,163,234.922262,117.461131,1.000000
5.0,164,78.185134,41.940327,1.072847
5.0,165,70.227604,35.113802,1.000000
5.0,166,82.005547,41.002774,1.000000
5.0,167,156.923624,78.461812,1.000000
5.0,168,40.300058,20.150029,1.000000
5.0,169,187.903689,93.951844,1.000000
5.0,170,91.341308,45.670654,1.000000
5.0,171,110.834813,55.417406,1.000000
5.0,172,186.380593,93.190297,1.000000
5.0,173,145.789791,72.980944,1.001180
5.0,174,85.919188,42.959594,1.000000
5.0,175,166.773619,83.386809,1.000000
5.0,176,32.746021,16.953442,1.035451
5.0,177,244.085633,122.042817,1.000000
5.0,178,139.308731,69.654366,1.000000
5.0,179,133.723618,66.861809,1.000000
5.0,180,100.702888,50.354364,1.000058
5.0,181,62.471176,31.235588,1.000000
5.0,182,121.756341,60.878171,1.000000
5.0,183,171.100688,86.507652,1.011190
5.0,184,172.588195,86.294097,1.000000
5.0,185,63.331344,31.665672,1.000000
5.0,186,66.014781,33.007390,1.000000
5.0,187,68.123719,34.061860,1.000000
5.0,188,97.503249,48.891162,1.002862
5.0,189,386.328110,193.164055,1.000000
5.0,190,99.657648,49.828824,1.000000
5.0,191,199.231430,99.615715,1.000000
5.0,192,94.467350,47.233675,1.000000
5.0,193,123.389293,61.694647,1.000000
5.0,194,35.643527,17.821764,1.000000
5.0,195,49.887832,24.943916,1.000000
5.0,196,73.924679,36.964079,1.000047
5.0,197,175.655792,87.827896,1.000000
5.0,198,148.552142,74.276071,1.000000
5.0,199,280.648426,140.324213,1.000000
5.0,200,56.832373,28.416186,1.000000
5.0,201,95.380419,47.908471,1.004577
5.0,202,78.442991,39.221495,1.000000
5.0,203,140.232555,70.116277,1.000000
5.0,204,64.353928,32.176964,1.000000
5.0,205,111.581610,56.037507,1.004422
5.0,206,77.720894,38.860447,1.000000
5.0,207,34.190051,17.095026,1.000000
5.0,208,427.950333,213.975166,1.000000
5.0,209,244.398595,122.199298,1.000000
5.0,210,218.206341,109.169601,1.000609
5.0,211,131.290607,65.645304,1.000000
5.0,212,266.093948,133.046974,1.000000
5.0,213,47.888010,23.944005,1.000000
5.0,214,133.646210,67.022794,1.002988
5.0,215,43.228638,21.614319,1.000000
5.0,216,159.780320,79.907357,1.000215
5.0,217,35.984630,17.992315,1.000000
5.0,218,63.725670,31.862835,1.000000
5.0,219,66.683907,33.792390,1.013510
5.0,220,78.112403,39.056201,1.000000
5.0,221,543.063225,271.531613,1.000000
5.0,222,121.065211,60.532606,1.000000
5.0,223,200.714495,100.357248,1.000000
5.0,224,109.371828,54.685914,1.000000
5.0,225,220.270413,110.135207,1.000000
5.0,226,156.241241,78.242176,1.001556
5.0,227,30.186314,15.093411,1.000017
5.0,228,141.867863,70.947685,1.000194
5.0,229,160.958209,80.479105,1.000000
5.0,230,81.885173,40.942587,1.000000
5.0,231,91.204357,45.602178,1.000000
5.0,232,55.019427,27.509714,1.000000
5.0,233,208.818192,104.490582,1.000780
5.0,234,83.287032,41.643516,1.000000
5.0,235,180.727280,90.363640,1.000000
5.0,236,41.174231,20.592313,1.000252
5.0,237,217.032672,108.516336,1.000000
5.0,238,214.989503,107.498852,1.000038
5.0,239,219.508098,109.754049,1.000000
5.0,240,84.971427,44.067986,1.037242
5.0,241,76.392155,38.196077,1.000000
5.0,242,83.021434,41.510717,1.000000
5.0,243,204.548698,102.274349,1.000000
5.0,244,164.699937,82.349968,1.000000
5.0,245,121.841778,60.920889,1.000000
5.0,246,32.350223,16.271125,1.005936
5.0,247,280.182796,140.091398,1.000000
5.0,248,51.504873,25.752437,1.000000
5.0,249,39.548328,19.775283,1.000057
5.0,250,44.771203,22.385601,1.000000
5.0,251,249.841194,124.920597,1.000000
5.0,252,62.622286,31.311143,1.000000
5.0,253,116.517919,58.258960,1.000000
5.0,254,35.016530,17.508265,1.000000
5.0,255,79.720885,39.860443,1.000000
5.0,256,69.294298,35.243141,1.017202
5.0,257,93.192168,46.596084,1.000000
5.0,258,518.660951,259.330476,1.000000
5.0,259,173.490674,86.745337,1.000000
5.0,260,115.236495,57.866240,1.004304
5.0,261,106.588485,53.294242,1.000000
5.0,262,73.124888,36.562444,1.000000
5.0,263,93.732995,46.866498,1.000000
5.0,264,179.655513,89.950211,1.001363
5.0,265,149.072882,74.536441,1.000000
5.0,266,175.942674,89.160099,1.013513
5.0,267,172.949209,86.474605,1.000000
5.0,268,28.495273,14.247636,1.000000
5.0,269,59.277995,29.638998,1.000000
5.0,270,148.713307,74.356653,1.000000
5.0,271,53.114400,27.898095,1.050491
5.0,272,101.503885,50.754741,1.000055
5.0,273,66.923468,33.461734,1.000000
5.0,274,77.717272,38.858636,1.000000
5.0,275,77.615362,38.825958,1.000471
5.0,276,82.397774,41.198887,1.000000
5.0,277,113.380937,56.690469,1.000000
5.0,278,67.049336,33.563307,1.001153
5.0,279,109.811736,54.905868,1.000000
5.0,280,276.579247,138.289624,1.000000
5.0,281,190.286314,95.144141,1.000010
5.0,282,169.994053,85.002890,1.000069
5.0,283,125.842174,62.921087,1.000000
5.0,284,61.426845,30.713422,1.000000
5.0,285,80.908307,40.454154,1.000000
5.0,286,107.408519,56.943267,1.060312
5.0,287,104.350966,52.175483,1.000000
5.0,288,215.735108,107.867554,1.000000
5.0,289,67.937251,33.968626,1.000000
5.0,290,33.017335,18.214872,1.103352
5.0,291,65.676374,32.838187,1.000000
5.0,292,192.603821,96.301910,1.000000
5.0,293,168.964865,84.482433,1.000000
5.0,294,143.722004,71.861002,1.000000
5.0,295,261.727336,130.863668,1.000000
5.0,296,256.970127,128.485063,1.000000
5.0,297,115.574140,57.787070,1.000000
5.0,298,114.157392,58.248568,1.020496
5.0,299,193.460411,96.730206,1.000000
